line,InlineInspectionCrackAnomalyId,vendor,tool,ILIRStartDate,status,type,surface,chainage_m,depth_fraction,length_mm,width_mm,OD_inch,WT_mm,grade_MPa,toughness_J,install_date,begin_PS,end_PS,MAOP_kPa,begin_maop,end_maop
pipeline,1020635,Rosen,AFD,2016-02-19 12:00:00,Active,Long Seam Weld Anomaly,E,61127.17892,0.28,28,28,12.75,8.382,317,17.6,1955-01-01 12:00:00,60505.99,61441.3,8270,16541.42,61441.3
pipeline,1020652,Rosen,AFD,2016-02-19 12:00:00,,Long Seam Weld Anomaly,E,61128.17892,0.28,39,39,12.75,8.382,317,17.6,1955-01-01 12:00:00,,61441.3,8270,16541.42,61441.3
pipeline,1020655,Rosen,AFD,2016-02-19 12:00:00,,Long Seam Weld Anomaly,E,61129.17892,0.37,50,50,12.75,8.382,317,17.6,1955-01-01 12:00:00,,61441.3,8270,16541.42,61441.3
pipeline,1020777,Rosen,AFD,2016-02-19 12:00:00,,Long Seam Weld Anomaly,E,61130.17892,0.2,43,43,12.75,6.35,317,17.6,1955-01-01 12:00:00,,61441.3,8270,16541.42,61441.3
pipeline,1020789,Rosen,AFD,2016-02-19 12:00:00,,Long Seam Weld Anomaly,E,61131.17892,0.13,53,53,12.75,6.35,317,17.6,1955-01-01 12:00:00,,61441.3,8270,16541.42,61441.3
pipeline,1020965,Rosen,AFD,2016-02-19 12:00:00,,Long Seam Weld Anomaly,E,61132.17892,0.15,76,76,12.75,6.35,317,17.6,1955-01-01 12:00:00,,61441.3,8270,16541.42,61441.3
pipeline,1020986,Rosen,AFD,2016-02-19 12:00:00,,Long Seam Weld Anomaly,E,61133.17892,0.26,22,22,12.75,6.35,317,17.6,1955-01-01 12:00:00,,61441.3,8270,16541.42,61441.3
pipeline,1021023,Rosen,AFD,2016-02-19 12:00:00,,Long Seam Weld Anomaly,E,61134.17892,,288,288,12.75,6.35,317,17.6,1955-01-01 12:00:00,,61441.3,8270,16541.42,61441.3
pipeline,1021026,Rosen,AFD,2016-02-19 12:00:00,,Long Seam Weld Anomaly,E,61135.17892,0.22,61,61,12.75,6.35,317,17.6,1955-01-01 12:00:00,,61441.3,8270,16541.42,61441.3
pipeline,1021027,Rosen,AFD,2016-02-19 12:00:00,,Long Seam Weld Anomaly,E,61136.17892,0.46,31,31,12.75,6.35,317,17.6,1955-01-01 12:00:00,,61441.3,8270,16541.42,61441.3
pipeline,1021028,Rosen,AFD,2016-02-19 12:00:00,,Long Seam Weld Anomaly,E,61137.17892,0.32,13,13,12.75,6.35,317,17.6,1955-01-01 12:00:00,,61441.3,8270,16541.42,61441.3
pipeline,1021033,Rosen,AFD,2016-02-19 12:00:00,,Long Seam Weld Anomaly,E,61138.17892,0.27,23,23,12.75,6.35,317,17.6,1955-01-01 12:00:00,,61441.3,8270,16541.42,61441.3
pipeline,1021037,Rosen,AFD,2016-02-19 12:00:00,,Long Seam Weld Anomaly,E,61139.17892,0.34,53,53,12.75,6.35,317,17.6,1955-01-01 12:00:00,,61441.3,8270,16541.42,61441.3
pipeline,1021039,Rosen,AFD,2016-02-19 12:00:00,,Long Seam Weld Anomaly,E,61140.17892,0.43,33,33,12.75,6.35,317,17.6,1955-01-01 12:00:00,,61441.3,8270,16541.42,61441.3
pipeline,1021040,Rosen,AFD,2016-02-19 12:00:00,,Long Seam Weld Anomaly,E,61141.17892,0.18,42,42,12.75,6.35,317,17.6,1955-01-01 12:00:00,,61441.3,8270,16541.42,61441.3
pipeline,1021044,Rosen,AFD,2016-02-19 12:00:00,,Long Seam Weld Anomaly,E,61142.17892,0.26,37,37,12.75,6.35,317,17.6,1955-01-01 12:00:00,,61441.3,8270,16541.42,61441.3
pipeline,1021045,Rosen,AFD,2016-02-19 12:00:00,,Long Seam Weld Anomaly,E,61143.17892,0.18,42,42,12.75,6.35,317,17.6,1955-01-01 12:00:00,,61441.3,8270,16541.42,61441.3
pipeline,1021048,Rosen,AFD,2016-02-19 12:00:00,,Long Seam Weld Anomaly,E,61144.17892,0.23,37,37,12.75,6.35,317,17.6,1955-01-01 12:00:00,,61441.3,8270,16541.42,61441.3
pipeline,1021049,Rosen,AFD,2016-02-19 12:00:00,,Long Seam Weld Anomaly,E,61145.17892,0.29,69,69,12.75,6.35,317,17.6,1955-01-01 12:00:00,,61441.3,8270,16541.42,61441.3
pipeline,1021050,Rosen,AFD,2016-02-19 12:00:00,,Long Seam Weld Anomaly,E,61146.17892,0.17,46,46,12.75,6.35,317,17.6,1955-01-01 12:00:00,,61441.3,8270,16541.42,61441.3
pipeline,1021062,Rosen,AFD,2016-02-19 12:00:00,,Long Seam Weld Anomaly,E,61147.17892,0.35,31,31,12.75,6.35,317,17.6,1955-01-01 12:00:00,,61441.3,8270,16541.42,61441.3
pipeline,1021065,Rosen,AFD,2016-02-19 12:00:00,,Long Seam Weld Anomaly,E,61148.17892,0.28,30,30,12.75,6.35,317,17.6,1955-01-01 12:00:00,,61441.3,8270,16541.42,61441.3
pipeline,1021070,Rosen,AFD,2016-02-19 12:00:00,,Long Seam Weld Anomaly,E,61149.17892,0.33,15,15,12.75,6.35,317,17.6,1955-01-01 12:00:00,,61441.3,8270,16541.42,61441.3
pipeline,1021075,Rosen,AFD,2016-02-19 12:00:00,,Long Seam Weld Anomaly,E,61150.17892,0.28,44,44,12.75,6.35,317,17.6,1955-01-01 12:00:00,,61441.3,8270,16541.42,61441.3
pipeline,1021082,Rosen,AFD,2016-02-19 12:00:00,,Long Seam Weld Anomaly,E,61151.17892,0.14,50,50,12.75,6.35,317,17.6,1955-01-01 12:00:00,,61441.3,8270,16541.42,61441.3
pipeline,1021124,Rosen,AFD,2016-02-19 12:00:00,,Long Seam Weld Anomaly,E,61152.17892,0.14,51,51,12.75,6.35,317,17.6,1955-01-01 12:00:00,,61441.3,8270,16541.42,61441.3
pipeline,1021125,Rosen,AFD,2016-02-19 12:00:00,,Long Seam Weld Anomaly,E,61153.17892,0.23,67,67,12.75,6.35,317,17.6,1955-01-01 12:00:00,,61441.3,8270,16541.42,61441.3
pipeline,1021198,Rosen,AFD,2016-02-19 12:00:00,,Long Seam Weld Anomaly,E,61154.17892,0.11,62,62,12.75,6.35,317,17.6,1955-01-01 12:00:00,,61441.3,8270,16541.42,61441.3
pipeline,1021200,Rosen,AFD,2016-02-19 12:00:00,,Long Seam Weld Anomaly,E,61155.17892,0.24,28,28,12.75,6.35,317,17.6,1955-01-01 12:00:00,,61441.3,8270,16541.42,61441.3
pipeline,1021221,Rosen,AFD,2016-02-19 12:00:00,,Long Seam Weld Anomaly,E,61156.17892,0.28,23,23,12.75,6.35,290,17.6,1955-01-01 12:00:00,,61441.3,7310,16541.42,61441.3
pipeline,1021246,Rosen,AFD,2016-02-19 12:00:00,,Long Seam Weld Anomaly,E,61157.17892,0.1,24,24,12.75,4.47,290,17.6,1955-01-01 12:00:00,,61441.3,7310,16541.42,61441.3
pipeline,1021269,Rosen,AFD,2016-02-19 12:00:00,,Long Seam Weld Anomaly,E,61158.17892,0.18,62,62,12.75,6.35,290,17.6,1955-01-01 12:00:00,,61441.3,7310,16541.42,61441.3
pipeline,1023538,Rosen,AFD,2016-05-25 12:00:00,,Long Seam Weld Anomaly,E,61159.17892,0.16,46,46,12.75,5.1562,317,17.6,1960-01-01 12:00:00,,61441.3,8080,16541.42,61441.3
pipeline,1023540,Rosen,AFD,2016-05-25 12:00:00,,Long Seam Weld Anomaly,E,61160.17892,0.1,65,65,12.75,5.1562,317,17.6,1960-01-01 12:00:00,,61441.3,8080,16541.42,61441.3
pipeline,1023541,Rosen,AFD,2016-05-25 12:00:00,,Long Seam Weld Anomaly,E,61161.17892,0.12,41,41,12.75,5.1562,317,17.6,1960-01-01 12:00:00,,61441.3,8080,16541.42,61441.3
pipeline,1023542,Rosen,AFD,2016-05-25 12:00:00,,Long Seam Weld Anomaly,E,61162.17892,0.11,40,40,12.75,5.1562,317,17.6,1960-01-01 12:00:00,,61441.3,8080,16541.42,61441.3
pipeline,1023543,Rosen,AFD,2016-05-25 12:00:00,,Long Seam Weld Anomaly,E,61163.17892,0.1,47,47,12.75,5.1562,317,17.6,1960-01-01 12:00:00,,61441.3,8080,16541.42,61441.3
pipeline,1023544,Rosen,AFD,2016-05-25 12:00:00,,Long Seam Weld Anomaly,E,61164.17892,0.14,30,30,12.75,5.1562,317,17.6,1960-01-01 12:00:00,,61441.3,8080,16541.42,61441.3
pipeline,1023545,Rosen,AFD,2016-05-25 12:00:00,,Long Seam Weld Anomaly,E,61165.17892,,122,122,12.75,5.1562,317,17.6,1960-01-01 12:00:00,,61441.3,8080,16541.42,61441.3
pipeline,1527321,Rosen,AFD,2014-11-27 12:00:00,,Long Seam Weld Anomaly,E,61166.17892,0.1521,351,351,10.75,7.7978,359,30,1970-12-31 12:00:00,,61441.3,7000,16541.42,61441.3
pipeline,1527337,Rosen,AFD,2014-11-27 12:00:00,,Long Seam Weld Anomaly,E,61167.17892,0.2888,94,94,10.75,5.1562,359,30,1970-12-31 12:00:00,,61441.3,7000,16541.42,61441.3
pipeline,1527339,Rosen,AFD,2014-11-27 12:00:00,,Long Seam Weld Anomaly,E,61168.17892,0.2461,28,28,10.75,5.1562,359,30,1970-12-31 12:00:00,,61441.3,7000,16541.42,61441.3
pipeline,1527346,Rosen,AFD,2014-11-27 12:00:00,,Long Seam Weld Anomaly,E,61169.17892,0.2326,54,54,10.75,5.1562,359,30,1970-12-31 12:00:00,,61441.3,7000,16541.42,61441.3
pipeline,1527354,Rosen,AFD,2014-11-27 12:00:00,,Long Seam Weld Anomaly,E,61170.17892,0.25,42,42,10.75,5.1562,359,30,1970-12-31 12:00:00,,61441.3,7000,16541.42,61441.3
pipeline,1527359,Rosen,AFD,2014-11-27 12:00:00,,Long Seam Weld Anomaly,E,61171.17892,0.3837,34,34,10.75,5.1562,359,30,1970-12-31 12:00:00,,61441.3,7000,16541.42,61441.3
pipeline,1527360,Rosen,AFD,2014-11-27 12:00:00,,Long Seam Weld Anomaly,E,61172.17892,0.3081,34,34,10.75,5.1562,359,30,1970-12-31 12:00:00,,61441.3,7000,16541.42,61441.3
pipeline,1527367,Rosen,AFD,2014-11-27 12:00:00,,Long Seam Weld Anomaly,E,61173.17892,0.2422,83,83,10.75,5.1562,359,30,1970-12-31 12:00:00,,61441.3,7000,16541.42,61441.3
pipeline,1527372,Rosen,AFD,2014-11-27 12:00:00,,Long Seam Weld Anomaly,E,61174.17892,0.186,200,200,10.75,5.1562,359,30,1970-12-31 12:00:00,,61441.3,7000,16541.42,61441.3
pipeline,1527377,Rosen,AFD,2014-11-27 12:00:00,,Long Seam Weld Anomaly,E,61175.17892,0.1899,80,80,10.75,5.1562,359,30,1970-12-31 12:00:00,,61441.3,7000,16541.42,61441.3
pipeline,1527379,Rosen,AFD,2014-11-27 12:00:00,,Long Seam Weld Anomaly,E,61176.17892,0.2074,100,100,10.75,5.1562,359,30,1970-12-31 12:00:00,,61441.3,7000,16541.42,61441.3
pipeline,1527380,Rosen,AFD,2014-11-27 12:00:00,,Long Seam Weld Anomaly,E,61177.17892,0.3043,53,53,10.75,5.1562,359,30,1970-12-31 12:00:00,,61441.3,7000,16541.42,61441.3
pipeline,1527382,Rosen,AFD,2014-11-27 12:00:00,,Long Seam Weld Anomaly,E,61178.17892,0.3508,37,37,10.75,5.1562,359,30,1970-12-31 12:00:00,,61441.3,7000,16541.42,61441.3
pipeline,1527383,Rosen,AFD,2014-11-27 12:00:00,,Long Seam Weld Anomaly,E,61179.17892,0.2422,28,28,10.75,5.1562,359,30,1970-12-31 12:00:00,,61441.3,7000,16541.42,61441.3
pipeline,1527384,Rosen,AFD,2014-11-27 12:00:00,,Long Seam Weld Anomaly,E,61180.17892,0.2674,65,65,10.75,5.1562,359,30,1970-12-31 12:00:00,,61441.3,7000,16541.42,61441.3
pipeline,1527386,Rosen,AFD,2014-11-27 12:00:00,,Long Seam Weld Anomaly,E,61181.17892,0.2558,102,102,10.75,5.1562,359,30,1970-12-31 12:00:00,,61441.3,7000,16541.42,61441.3
pipeline,1527387,Rosen,AFD,2014-11-27 12:00:00,,Long Seam Weld Anomaly,E,61182.17892,0.2597,102,102,10.75,5.1562,359,30,1970-12-31 12:00:00,,61441.3,7000,16541.42,61441.3
pipeline,1527390,Rosen,AFD,2014-11-27 12:00:00,,Long Seam Weld Anomaly,E,61183.17892,0.2364,54,54,10.75,5.1562,359,30,1970-12-31 12:00:00,,61441.3,7000,16541.42,61441.3
pipeline,1527391,Rosen,AFD,2014-11-27 12:00:00,,Long Seam Weld Anomaly,E,61184.17892,0.2364,60,60,10.75,5.1562,359,30,1970-12-31 12:00:00,,61441.3,7000,16541.42,61441.3
pipeline,1527393,Rosen,AFD,2014-11-27 12:00:00,,Long Seam Weld Anomaly,E,61185.17892,0.1996,167,167,10.75,5.1562,359,30,1970-12-31 12:00:00,,61441.3,7000,16541.42,61441.3
pipeline,1527396,Rosen,AFD,2014-11-27 12:00:00,,Long Seam Weld Anomaly,E,61186.17892,0.2597,41,41,10.75,5.1562,359,30,1970-12-31 12:00:00,,61441.3,7000,16541.42,61441.3
pipeline,1527397,Rosen,AFD,2014-11-27 12:00:00,,Long Seam Weld Anomaly,E,61187.17892,0.2597,29,29,10.75,5.1562,359,30,1970-12-31 12:00:00,,61441.3,7000,16541.42,61441.3
pipeline,1527400,Rosen,AFD,2014-11-27 12:00:00,,Long Seam Weld Anomaly,E,61188.17892,0.2539,51,51,10.75,5.1562,359,30,1970-12-31 12:00:00,,61441.3,7000,16541.42,61441.3
pipeline,1527405,Rosen,AFD,2014-11-27 12:00:00,,Long Seam Weld Anomaly,E,61189.17892,0.25,56,56,10.75,5.1562,359,30,1970-12-31 12:00:00,,61441.3,7000,16541.42,61441.3
pipeline,1527406,Rosen,AFD,2014-11-27 12:00:00,,Long Seam Weld Anomaly,E,61190.17892,0.2946,19,19,10.75,5.1562,359,30,1970-12-31 12:00:00,,61441.3,7000,16541.42,61441.3
pipeline,1527407,Rosen,AFD,2014-11-27 12:00:00,,Long Seam Weld Anomaly,E,61191.17892,0.2461,87,87,10.75,5.1562,359,30,1970-12-31 12:00:00,,61441.3,7000,16541.42,61441.3
pipeline,1527416,Rosen,AFD,2014-11-27 12:00:00,,Long Seam Weld Anomaly,E,61192.17892,0.2422,72,72,10.75,5.1562,359,30,1970-12-31 12:00:00,,61441.3,7000,16541.42,61441.3
pipeline,1527420,Rosen,AFD,2014-11-27 12:00:00,,Long Seam Weld Anomaly,E,61193.17892,0.2422,69,69,10.75,5.1562,359,30,1970-12-31 12:00:00,,61441.3,7000,16541.42,61441.3
pipeline,1527422,Rosen,AFD,2014-11-27 12:00:00,,Long Seam Weld Anomaly,E,61194.17892,0.2829,81,81,10.75,5.1562,359,30,1970-12-31 12:00:00,,61441.3,7000,16541.42,61441.3
pipeline,1527433,Rosen,AFD,2014-11-27 12:00:00,,Long Seam Weld Anomaly,E,61195.17892,0.2422,52,52,10.75,5.1562,359,30,1970-12-31 12:00:00,,61441.3,7000,16541.42,61441.3
pipeline,1527435,Rosen,AFD,2014-11-27 12:00:00,,Long Seam Weld Anomaly,E,61196.17892,0.2965,45,45,10.75,5.1562,359,30,1970-12-31 12:00:00,,61441.3,7000,16541.42,61441.3
pipeline,1527436,Rosen,AFD,2014-11-27 12:00:00,,Long Seam Weld Anomaly,E,61197.17892,0.2597,53,53,10.75,5.1562,359,30,1970-12-31 12:00:00,,61441.3,7000,16541.42,61441.3
pipeline,1527440,Rosen,AFD,2014-11-27 12:00:00,,Long Seam Weld Anomaly,E,61198.17892,0.2888,47,47,10.75,5.1562,359,30,1970-12-31 12:00:00,,61441.3,7000,16541.42,61441.3
pipeline,1527441,Rosen,AFD,2014-11-27 12:00:00,,Long Seam Weld Anomaly,E,61199.17892,0.2888,25,25,10.75,5.1562,359,30,1970-12-31 12:00:00,,61441.3,7000,16541.42,61441.3
pipeline,1527445,Rosen,AFD,2014-11-27 12:00:00,,Long Seam Weld Anomaly,E,61200.17892,0.2364,119,119,10.75,5.1562,359,30,1970-12-31 12:00:00,,61441.3,7000,16541.42,61441.3
pipeline,1527450,Rosen,AFD,2014-11-27 12:00:00,,Long Seam Weld Anomaly,E,61201.17892,0.25,28,28,10.75,5.1562,359,30,1970-12-31 12:00:00,,61441.3,7000,16541.42,61441.3
pipeline,1527451,Rosen,AFD,2014-11-27 12:00:00,,Long Seam Weld Anomaly,E,61202.17892,0.2733,34,34,10.75,5.1562,359,30,1970-12-31 12:00:00,,61441.3,7000,16541.42,61441.3
pipeline,1527452,Rosen,AFD,2014-11-27 12:00:00,,Long Seam Weld Anomaly,E,61203.17892,0.2733,37,37,10.75,5.1562,359,30,1970-12-31 12:00:00,,61441.3,7000,16541.42,61441.3
pipeline,1527459,Rosen,AFD,2014-11-27 12:00:00,,Long Seam Weld Anomaly,E,61204.17892,0.2481,48,48,10.75,5.1562,359,30,1970-12-31 12:00:00,,61441.3,7000,16541.42,61441.3
pipeline,1527468,Rosen,AFD,2014-11-27 12:00:00,,Long Seam Weld Anomaly,E,61205.17892,0.2636,65,65,10.75,5.1562,359,30,1970-12-31 12:00:00,,61441.3,7000,16541.42,61441.3
pipeline,1527475,Rosen,AFD,2014-11-27 12:00:00,,Long Seam Weld Anomaly,E,61206.17892,0.2171,115,115,10.75,5.1562,359,30,1970-12-31 12:00:00,,61441.3,7000,16541.42,61441.3
pipeline,1527477,Rosen,AFD,2014-11-27 12:00:00,,Long Seam Weld Anomaly,E,61207.17892,0.2655,112,112,10.75,5.1562,359,30,1970-12-31 12:00:00,,61441.3,7000,16541.42,61441.3
pipeline,1527483,Rosen,AFD,2014-11-27 12:00:00,,Long Seam Weld Anomaly,E,61208.17892,0.2597,108,108,10.75,5.1562,359,30,1970-12-31 12:00:00,,61441.3,7000,16541.42,61441.3
pipeline,1527484,Rosen,AFD,2014-11-27 12:00:00,,Long Seam Weld Anomaly,E,61209.17892,0.2287,60,60,10.75,5.1562,359,30,1970-12-31 12:00:00,,61441.3,7000,16541.42,61441.3
pipeline,1527486,Rosen,AFD,2014-11-27 12:00:00,,Long Seam Weld Anomaly,E,61210.17892,0.2344,186,186,10.75,6.35,359,30,1970-12-31 12:00:00,,61441.3,7000,16541.42,61441.3
pipeline,1527487,Rosen,AFD,2014-11-27 12:00:00,,Long Seam Weld Anomaly,E,61211.17892,0.1946,482,482,10.75,6.35,359,30,1970-12-31 12:00:00,,61441.3,7000,16541.42,61441.3
pipeline,1527488,Rosen,AFD,2014-11-27 12:00:00,,Long Seam Weld Anomaly,E,61212.17892,0.2074,176,176,10.75,6.35,359,30,1970-12-31 12:00:00,,61441.3,7000,16541.42,61441.3
pipeline,1527489,Rosen,AFD,2014-11-27 12:00:00,,Long Seam Weld Anomaly,E,61213.17892,0.2344,367,367,10.75,6.35,359,30,1970-12-31 12:00:00,,61441.3,7000,16541.42,61441.3
pipeline,1527490,Rosen,AFD,2014-11-27 12:00:00,,Long Seam Weld Anomaly,E,61214.17892,0.3043,71,71,10.75,5.1562,359,30,1970-12-31 12:00:00,,61441.3,7000,16541.42,61441.3
pipeline,1527492,Rosen,AFD,2014-11-27 12:00:00,,Long Seam Weld Anomaly,E,61215.17892,0.2655,61,61,10.75,5.1562,359,30,1970-12-31 12:00:00,,61441.3,7000,16541.42,61441.3
pipeline,1527494,Rosen,AFD,2014-11-27 12:00:00,,Long Seam Weld Anomaly,E,61216.17892,0.2461,102,102,10.75,5.1562,359,30,1970-12-31 12:00:00,,61441.3,7000,16541.42,61441.3
pipeline,1527502,Rosen,AFD,2014-11-27 12:00:00,,Long Seam Weld Anomaly,E,61217.17892,0.2364,82,82,10.75,5.1562,359,30,1970-12-31 12:00:00,,61441.3,7000,16541.42,61441.3
pipeline,1527510,Rosen,AFD,2014-11-27 12:00:00,,Long Seam Weld Anomaly,E,61218.17892,0.2539,56,56,10.75,5.1562,359,30,1970-12-31 12:00:00,,61441.3,7000,16541.42,61441.3
pipeline,1527514,Rosen,AFD,2014-11-27 12:00:00,,Long Seam Weld Anomaly,E,61219.17892,0.2422,119,119,10.75,5.1562,359,30,1970-12-31 12:00:00,,61441.3,7000,16541.42,61441.3
pipeline,1527516,Rosen,AFD,2014-11-27 12:00:00,,Long Seam Weld Anomaly,E,61220.17892,0.25,56,56,10.75,5.1562,359,30,1970-12-31 12:00:00,,61441.3,7000,16541.42,61441.3
pipeline,1527518,Rosen,AFD,2014-11-27 12:00:00,,Long Seam Weld Anomaly,E,61221.17892,0.3101,41,41,10.75,5.1562,359,30,1970-12-31 12:00:00,,61441.3,7000,16541.42,61441.3
pipeline,1527519,Rosen,AFD,2014-11-27 12:00:00,,Long Seam Weld Anomaly,E,61222.17892,0.2888,93,93,10.75,5.1562,359,30,1970-12-31 12:00:00,,61441.3,7000,16541.42,61441.3
pipeline,1527521,Rosen,AFD,2014-11-27 12:00:00,,Long Seam Weld Anomaly,E,61223.17892,0.2733,96,96,10.75,5.1562,359,30,1970-12-31 12:00:00,,61441.3,7000,16541.42,61441.3
pipeline,1527523,Rosen,AFD,2014-11-27 12:00:00,,Long Seam Weld Anomaly,E,61224.17892,0.2733,51,51,10.75,5.1562,359,30,1970-12-31 12:00:00,,61441.3,7000,16541.42,61441.3
pipeline,1527527,Rosen,AFD,2014-11-27 12:00:00,,Long Seam Weld Anomaly,E,61225.17892,0.2461,81,81,10.75,5.1562,359,30,1970-12-31 12:00:00,,61441.3,7000,16541.42,61441.3
pipeline,1527530,Rosen,AFD,2014-11-27 12:00:00,,Long Seam Weld Anomaly,E,61226.17892,0.2016,102,102,10.75,5.1562,359,30,1970-12-31 12:00:00,,61441.3,7000,16541.42,61441.3
pipeline,1527532,Rosen,AFD,2014-11-27 12:00:00,,Long Seam Weld Anomaly,E,61227.17892,0.1705,119,119,10.75,5.1562,359,30,1970-12-31 12:00:00,,61441.3,7000,16541.42,61441.3
pipeline,1527544,Rosen,AFD,2014-11-27 12:00:00,,Long Seam Weld Anomaly,E,61228.17892,0.2461,96,96,10.75,5.1562,359,30,1970-12-31 12:00:00,,61441.3,7000,16541.42,61441.3
pipeline,1527545,Rosen,AFD,2014-11-27 12:00:00,,Long Seam Weld Anomaly,E,61229.17892,0.2364,95,95,10.75,5.1562,359,30,1970-12-31 12:00:00,,61441.3,7000,16541.42,61441.3
pipeline,1527546,Rosen,AFD,2014-11-27 12:00:00,,Long Seam Weld Anomaly,E,61230.17892,0.2539,109,109,10.75,5.1562,359,30,1970-12-31 12:00:00,,61441.3,7000,16541.42,61441.3
pipeline,1527550,Rosen,AFD,2014-11-27 12:00:00,,Long Seam Weld Anomaly,E,61231.17892,0.2771,44,44,10.75,5.1562,359,30,1970-12-31 12:00:00,,61441.3,7000,16541.42,61441.3
pipeline,1527551,Rosen,AFD,2014-11-27 12:00:00,,Long Seam Weld Anomaly,E,61232.17892,0.2422,70,70,10.75,5.1562,359,30,1970-12-31 12:00:00,,61441.3,7000,16541.42,61441.3
pipeline,1527552,Rosen,AFD,2014-11-27 12:00:00,,Long Seam Weld Anomaly,E,61233.17892,0.25,39,39,10.75,5.1562,359,30,1970-12-31 12:00:00,,61441.3,7000,16541.42,61441.3
pipeline,1527555,Rosen,AFD,2014-11-27 12:00:00,,Long Seam Weld Anomaly,E,61234.17892,0.3217,57,57,10.75,5.1562,359,30,1970-12-31 12:00:00,,61441.3,7000,16541.42,61441.3
pipeline,1527558,Rosen,AFD,2014-11-27 12:00:00,,Long Seam Weld Anomaly,E,61235.17892,0.2965,46,46,10.75,5.1562,359,30,1970-12-31 12:00:00,,61441.3,7000,16541.42,61441.3
pipeline,1527559,Rosen,AFD,2014-11-27 12:00:00,,Long Seam Weld Anomaly,E,61236.17892,0.2946,76,76,10.75,5.1562,359,30,1970-12-31 12:00:00,,61441.3,7000,16541.42,61441.3
pipeline,1527563,Rosen,AFD,2014-11-27 12:00:00,,Long Seam Weld Anomaly,E,61237.17892,0.25,112,112,10.75,5.1562,359,30,1970-12-31 12:00:00,,61441.3,7000,16541.42,61441.3
pipeline,1527567,Rosen,AFD,2014-11-27 12:00:00,,Long Seam Weld Anomaly,E,61238.17892,0.2578,92,92,10.75,5.1562,359,30,1970-12-31 12:00:00,,61441.3,7000,16541.42,61441.3
pipeline,1527569,Rosen,AFD,2014-11-27 12:00:00,,Long Seam Weld Anomaly,E,61239.17892,0.2248,78,78,10.75,5.1562,359,30,1970-12-31 12:00:00,,61441.3,7000,16541.42,61441.3
pipeline,1527570,Rosen,AFD,2014-11-27 12:00:00,,Long Seam Weld Anomaly,E,61240.17892,0.2054,172,172,10.75,5.1562,359,30,1970-12-31 12:00:00,,61441.3,7000,16541.42,61441.3
pipeline,1527571,Rosen,AFD,2014-11-27 12:00:00,,Long Seam Weld Anomaly,E,61241.17892,0.1512,90,90,10.75,5.1562,359,30,1970-12-31 12:00:00,,61441.3,7000,16541.42,61441.3
pipeline,1527574,Rosen,AFD,2014-11-27 12:00:00,,Long Seam Weld Anomaly,E,61242.17892,0.2422,74,74,10.75,5.1562,359,30,1970-12-31 12:00:00,,61441.3,7000,16541.42,61441.3
pipeline,1527576,Rosen,AFD,2014-11-27 12:00:00,,Long Seam Weld Anomaly,E,61243.17892,0.2578,88,88,10.75,5.1562,359,30,1970-12-31 12:00:00,,61441.3,7000,16541.42,61441.3
pipeline,1527578,Rosen,AFD,2014-11-27 12:00:00,,Long Seam Weld Anomaly,E,61244.17892,0.2422,59,59,10.75,5.1562,359,30,1970-12-31 12:00:00,,61441.3,7000,16541.42,61441.3
pipeline,1527584,Rosen,AFD,2014-11-27 12:00:00,,Long Seam Weld Anomaly,E,61245.17892,0.2597,118,118,10.75,5.1562,359,30,1970-12-31 12:00:00,,61441.3,7000,16541.42,61441.3
pipeline,1527603,Rosen,AFD,2014-11-27 12:00:00,,Long Seam Weld Anomaly,E,61246.17892,0.2422,114,114,10.75,5.1562,359,30,1970-12-31 12:00:00,,61441.3,7000,16541.42,61441.3
pipeline,1527604,Rosen,AFD,2014-11-27 12:00:00,,Long Seam Weld Anomaly,E,61247.17892,0.2539,34,34,10.75,5.1562,359,30,1970-12-31 12:00:00,,61441.3,7000,16541.42,61441.3
pipeline,1527611,Rosen,AFD,2014-11-27 12:00:00,,Long Seam Weld Anomaly,E,61248.17892,0.2946,35,35,10.75,5.1562,359,30,1970-12-31 12:00:00,,61441.3,7000,16541.42,61441.3
pipeline,1527613,Rosen,AFD,2014-11-27 12:00:00,,Long Seam Weld Anomaly,E,61249.17892,0.2558,39,39,10.75,5.1562,359,30,1970-12-31 12:00:00,,61441.3,7000,16541.42,61441.3
pipeline,1527614,Rosen,AFD,2014-11-27 12:00:00,,Long Seam Weld Anomaly,E,61250.17892,0.2578,19,19,10.75,5.1562,359,30,1970-12-31 12:00:00,,61441.3,7000,16541.42,61441.3
pipeline,1527620,Rosen,AFD,2014-11-27 12:00:00,,Long Seam Weld Anomaly,E,61251.17892,0.2248,124,124,10.75,5.1562,359,30,1970-12-31 12:00:00,,61441.3,7000,16541.42,61441.3
pipeline,1527621,Rosen,AFD,2014-11-27 12:00:00,,Long Seam Weld Anomaly,E,61252.17892,0.2461,94,94,10.75,5.1562,359,30,1970-12-31 12:00:00,,61441.3,7000,16541.42,61441.3
pipeline,1527624,Rosen,AFD,2014-11-27 12:00:00,,Long Seam Weld Anomaly,E,61253.17892,0.2636,19,19,10.75,5.1562,359,30,1970-12-31 12:00:00,,61441.3,7000,16541.42,61441.3
pipeline,1527626,Rosen,AFD,2014-11-27 12:00:00,,Long Seam Weld Anomaly,E,61254.17892,0.2752,50,50,10.75,5.1562,359,30,1970-12-31 12:00:00,,61441.3,7000,16541.42,61441.3
pipeline,1527633,Rosen,AFD,2014-11-27 12:00:00,,Long Seam Weld Anomaly,E,61255.17892,0.2016,176,176,10.75,5.1562,359,30,1970-12-31 12:00:00,,61441.3,7000,16541.42,61441.3
pipeline,1527634,Rosen,AFD,2014-11-27 12:00:00,,Long Seam Weld Anomaly,E,61256.17892,0.2248,109,109,10.75,5.1562,359,30,1970-12-31 12:00:00,,61441.3,7000,16541.42,61441.3
pipeline,1527637,Rosen,AFD,2014-11-27 12:00:00,,Long Seam Weld Anomaly,E,61257.17892,0.1977,138,138,10.75,5.1562,359,30,1970-12-31 12:00:00,,61441.3,7000,16541.42,61441.3
pipeline,1527640,Rosen,AFD,2014-11-27 12:00:00,,Long Seam Weld Anomaly,E,61258.17892,0.2558,109,109,10.75,5.1562,359,30,1970-12-31 12:00:00,,61441.3,7000,16541.42,61441.3
pipeline,1527646,Rosen,AFD,2014-11-27 12:00:00,,Long Seam Weld Anomaly,E,61259.17892,0.1899,141,141,10.75,5.1562,359,30,1970-12-31 12:00:00,,61441.3,7000,16541.42,61441.3
pipeline,1527649,Rosen,AFD,2014-11-27 12:00:00,,Long Seam Weld Anomaly,E,61260.17892,0.2733,103,103,10.75,5.1562,359,30,1970-12-31 12:00:00,,61441.3,7000,16541.42,61441.3
pipeline,1527652,Rosen,AFD,2014-11-27 12:00:00,,Long Seam Weld Anomaly,E,61261.17892,0.2674,107,107,10.75,5.1562,359,30,1970-12-31 12:00:00,,61441.3,7000,16541.42,61441.3
pipeline,1527654,Rosen,AFD,2014-11-27 12:00:00,,Long Seam Weld Anomaly,E,61262.17892,0.2791,86,86,10.75,5.1562,359,30,1970-12-31 12:00:00,,61441.3,7000,16541.42,61441.3
pipeline,1527655,Rosen,AFD,2014-11-27 12:00:00,,Long Seam Weld Anomaly,E,61263.17892,0.2771,46,46,10.75,5.1562,359,30,1970-12-31 12:00:00,,61441.3,7000,16541.42,61441.3
pipeline,1527656,Rosen,AFD,2014-11-27 12:00:00,,Long Seam Weld Anomaly,E,61264.17892,0.2888,77,77,10.75,5.1562,359,30,1970-12-31 12:00:00,,61441.3,7000,16541.42,61441.3
pipeline,1527657,Rosen,AFD,2014-11-27 12:00:00,,Long Seam Weld Anomaly,E,61265.17892,0.2364,61,61,10.75,5.1562,359,30,1970-12-31 12:00:00,,61441.3,7000,16541.42,61441.3
pipeline,1527658,Rosen,AFD,2014-11-27 12:00:00,,Long Seam Weld Anomaly,E,61266.17892,0.2578,56,56,10.75,5.1562,359,30,1970-12-31 12:00:00,,61441.3,7000,16541.42,61441.3
pipeline,1527659,Rosen,AFD,2014-11-27 12:00:00,,Long Seam Weld Anomaly,E,61267.17892,0.3391,52,52,10.75,5.1562,359,30,1970-12-31 12:00:00,,61441.3,7000,16541.42,61441.3
pipeline,1527661,Rosen,AFD,2014-11-27 12:00:00,,Long Seam Weld Anomaly,E,61268.17892,0.2422,36,36,10.75,5.1562,359,30,1970-12-31 12:00:00,,61441.3,7000,16541.42,61441.3
pipeline,1527662,Rosen,AFD,2014-11-27 12:00:00,,Long Seam Weld Anomaly,E,61269.17892,0.2539,58,58,10.75,5.1562,359,30,1970-12-31 12:00:00,,61441.3,7000,16541.42,61441.3
pipeline,1527663,Rosen,AFD,2014-11-27 12:00:00,,Long Seam Weld Anomaly,E,61270.17892,0.2597,42,42,10.75,5.1562,359,30,1970-12-31 12:00:00,,61441.3,7000,16541.42,61441.3
pipeline,1527664,Rosen,AFD,2014-11-27 12:00:00,,Long Seam Weld Anomaly,E,61271.17892,0.2326,73,73,10.75,5.1562,359,30,1970-12-31 12:00:00,,61441.3,7000,16541.42,61441.3
pipeline,1527665,Rosen,AFD,2014-11-27 12:00:00,,Long Seam Weld Anomaly,E,61272.17892,0.2946,62,62,10.75,5.1562,359,30,1970-12-31 12:00:00,,61441.3,7000,16541.42,61441.3
pipeline,1527666,Rosen,AFD,2014-11-27 12:00:00,,Long Seam Weld Anomaly,E,61273.17892,0.2597,27,27,10.75,5.1562,359,30,1970-12-31 12:00:00,,61441.3,7000,16541.42,61441.3
pipeline,1527667,Rosen,AFD,2014-11-27 12:00:00,,Long Seam Weld Anomaly,E,61274.17892,0.2558,63,63,10.75,5.1562,359,30,1970-12-31 12:00:00,,61441.3,7000,16541.42,61441.3
pipeline,1527668,Rosen,AFD,2014-11-27 12:00:00,,Long Seam Weld Anomaly,E,61275.17892,0.2888,52,52,10.75,5.1562,359,30,1970-12-31 12:00:00,,61441.3,7000,16541.42,61441.3
pipeline,1527670,Rosen,AFD,2014-11-27 12:00:00,,Long Seam Weld Anomaly,E,61276.17892,0.2965,92,92,10.75,5.1562,359,30,1970-12-31 12:00:00,,61441.3,7000,16541.42,61441.3
pipeline,1527671,Rosen,AFD,2014-11-27 12:00:00,,Long Seam Weld Anomaly,E,61277.17892,0.2539,96,96,10.75,5.1562,359,30,1970-12-31 12:00:00,,61441.3,7000,16541.42,61441.3
pipeline,1527672,Rosen,AFD,2014-11-27 12:00:00,,Long Seam Weld Anomaly,E,61278.17892,0.2946,31,31,10.75,5.1562,359,30,1970-12-31 12:00:00,,61441.3,7000,16541.42,61441.3
pipeline,1527673,Rosen,AFD,2014-11-27 12:00:00,,Long Seam Weld Anomaly,E,61279.17892,0.2422,131,131,10.75,5.1562,359,30,1970-12-31 12:00:00,,61441.3,7000,16541.42,61441.3
pipeline,1527674,Rosen,AFD,2014-11-27 12:00:00,,Long Seam Weld Anomaly,E,61280.17892,0.2539,61,61,10.75,5.1562,359,30,1970-12-31 12:00:00,,61441.3,7000,16541.42,61441.3
pipeline,1527676,Rosen,AFD,2014-11-27 12:00:00,,Long Seam Weld Anomaly,E,61281.17892,0.2558,120,120,10.75,5.1562,359,30,1970-12-31 12:00:00,,61441.3,7000,16541.42,61441.3
pipeline,1527680,Rosen,AFD,2014-11-27 12:00:00,,Long Seam Weld Anomaly,E,61282.17892,0.2752,67,67,10.75,5.1562,359,30,1970-12-31 12:00:00,,61441.3,7000,16541.42,61441.3
pipeline,1527682,Rosen,AFD,2014-11-27 12:00:00,,Long Seam Weld Anomaly,E,61283.17892,0.2422,52,52,10.75,5.1562,359,30,1970-12-31 12:00:00,,61441.3,7000,16541.42,61441.3
pipeline,1527684,Rosen,AFD,2014-11-27 12:00:00,,Long Seam Weld Anomaly,E,61284.17892,0.2674,50,50,10.75,5.1562,359,30,1970-12-31 12:00:00,,61441.3,7000,16541.42,61441.3
pipeline,1527685,Rosen,AFD,2014-11-27 12:00:00,,Long Seam Weld Anomaly,E,61285.17892,0.2558,91,91,10.75,5.1562,359,30,1970-12-31 12:00:00,,61441.3,7000,16541.42,61441.3
pipeline,1527686,Rosen,AFD,2014-11-27 12:00:00,,Long Seam Weld Anomaly,E,61286.17892,0.25,50,50,10.75,5.1562,359,30,1970-12-31 12:00:00,,61441.3,7000,16541.42,61441.3
pipeline,1527687,Rosen,AFD,2014-11-27 12:00:00,,Long Seam Weld Anomaly,E,61287.17892,0.25,78,78,10.75,5.1562,359,30,1970-12-31 12:00:00,,61441.3,7000,16541.42,61441.3
pipeline,1527688,Rosen,AFD,2014-11-27 12:00:00,,Long Seam Weld Anomaly,E,61288.17892,0.2461,65,65,10.75,5.1562,359,30,1970-12-31 12:00:00,,61441.3,7000,16541.42,61441.3
pipeline,1527689,Rosen,AFD,2014-11-27 12:00:00,,Long Seam Weld Anomaly,E,61289.17892,0.2422,46,46,10.75,5.1562,359,30,1970-12-31 12:00:00,,61441.3,7000,16541.42,61441.3
pipeline,1527691,Rosen,AFD,2014-11-27 12:00:00,,Long Seam Weld Anomaly,E,61290.17892,0.2461,122,122,10.75,5.1562,359,30,1970-12-31 12:00:00,,61441.3,7000,16541.42,61441.3
pipeline,1527692,Rosen,AFD,2014-11-27 12:00:00,,Long Seam Weld Anomaly,E,61291.17892,0.2461,74,74,10.75,5.1562,359,30,1970-12-31 12:00:00,,61441.3,7000,16541.42,61441.3
pipeline,1527693,Rosen,AFD,2014-11-27 12:00:00,,Long Seam Weld Anomaly,E,61292.17892,0.2364,29,29,10.75,5.1562,359,30,1970-12-31 12:00:00,,61441.3,7000,16541.42,61441.3
pipeline,1527694,Rosen,AFD,2014-11-27 12:00:00,,Long Seam Weld Anomaly,E,61293.17892,0.2422,132,132,10.75,5.1562,359,30,1970-12-31 12:00:00,,61441.3,7000,16541.42,61441.3
pipeline,1527696,Rosen,AFD,2014-11-27 12:00:00,,Long Seam Weld Anomaly,E,61294.17892,0.2461,65,65,10.75,5.1562,359,30,1970-12-31 12:00:00,,61441.3,7000,16541.42,61441.3
pipeline,1527698,Rosen,AFD,2014-11-27 12:00:00,,Long Seam Weld Anomaly,E,61295.17892,0.2655,113,113,10.75,5.1562,359,30,1970-12-31 12:00:00,,61441.3,7000,16541.42,61441.3
pipeline,1527700,Rosen,AFD,2014-11-27 12:00:00,,Long Seam Weld Anomaly,E,61296.17892,0.2481,116,116,10.75,5.1562,359,30,1970-12-31 12:00:00,,61441.3,7000,16541.42,61441.3
pipeline,1527701,Rosen,AFD,2014-11-27 12:00:00,,Long Seam Weld Anomaly,E,61297.17892,0.2422,36,36,10.75,5.1562,359,30,1970-12-31 12:00:00,,61441.3,7000,16541.42,61441.3
pipeline,1527720,Rosen,AFD,2014-11-27 12:00:00,,Long Seam Weld Anomaly,E,61298.17892,0.2558,124,124,10.75,5.1562,359,30,1970-12-31 12:00:00,,61441.3,7000,16541.42,61441.3
pipeline,1527722,Rosen,AFD,2014-11-27 12:00:00,,Long Seam Weld Anomaly,E,61299.17892,0.2597,40,40,10.75,5.1562,359,30,1970-12-31 12:00:00,,61441.3,7000,16541.42,61441.3
pipeline,1527723,Rosen,AFD,2014-11-27 12:00:00,,Long Seam Weld Anomaly,E,61300.17892,0.2461,65,65,10.75,5.1562,359,30,1970-12-31 12:00:00,,61441.3,7000,16541.42,61441.3
pipeline,1527725,Rosen,AFD,2014-11-27 12:00:00,,Long Seam Weld Anomaly,E,61301.17892,0.1609,156,156,10.75,5.1562,359,30,1970-12-31 12:00:00,,61441.3,7000,16541.42,61441.3
pipeline,1527727,Rosen,AFD,2014-11-27 12:00:00,,Long Seam Weld Anomaly,E,61302.17892,0.2016,164,164,10.75,5.1562,359,30,1970-12-31 12:00:00,,61441.3,7000,16541.42,61441.3
pipeline,1527729,Rosen,AFD,2014-11-27 12:00:00,,Long Seam Weld Anomaly,E,61303.17892,0.2287,133,133,10.75,5.1562,359,30,1970-12-31 12:00:00,,61441.3,7000,16541.42,61441.3
pipeline,1527730,Rosen,AFD,2014-11-27 12:00:00,,Long Seam Weld Anomaly,E,61304.17892,0.1705,375,375,10.75,5.1562,359,30,1970-12-31 12:00:00,,61441.3,7000,16541.42,61441.3
pipeline,1527732,Rosen,AFD,2014-11-27 12:00:00,,Long Seam Weld Anomaly,E,61305.17892,0.1628,211,211,10.75,5.1562,359,30,1970-12-31 12:00:00,,61441.3,7000,16541.42,61441.3
pipeline,1527733,Rosen,AFD,2014-11-27 12:00:00,,Long Seam Weld Anomaly,E,61306.17892,0.1802,219,219,10.75,5.1562,359,30,1970-12-31 12:00:00,,61441.3,7000,16541.42,61441.3
pipeline,1527734,Rosen,AFD,2014-11-27 12:00:00,,Long Seam Weld Anomaly,E,61307.17892,0.1705,117,117,10.75,5.1562,359,30,1970-12-31 12:00:00,,61441.3,7000,16541.42,61441.3
pipeline,1527744,Rosen,AFD,2014-11-27 12:00:00,,Long Seam Weld Anomaly,E,61308.17892,0.1473,148,148,10.75,5.1562,359,30,1970-12-31 12:00:00,,61441.3,7000,16541.42,61441.3
pipeline,1527745,Rosen,AFD,2014-11-27 12:00:00,,Long Seam Weld Anomaly,E,61309.17892,0.1628,104,104,10.75,5.1562,359,30,1970-12-31 12:00:00,,61441.3,7000,16541.42,61441.3
pipeline,1527755,Rosen,AFD,2014-11-27 12:00:00,,Long Seam Weld Anomaly,E,61310.17892,0.25,127,127,10.75,5.1562,359,30,1970-12-31 12:00:00,,61441.3,7000,16541.42,61441.3
pipeline,1527762,Rosen,AFD,2014-11-27 12:00:00,,Long Seam Weld Anomaly,E,61311.17892,0.2422,72,72,10.75,5.1562,359,30,1970-12-31 12:00:00,,61441.3,7000,16541.42,61441.3
pipeline,1527767,Rosen,AFD,2014-11-27 12:00:00,,Long Seam Weld Anomaly,E,61312.17892,0.2422,30,30,10.75,5.1562,359,30,1970-12-31 12:00:00,,61441.3,7000,16541.42,61441.3
pipeline,1527768,Rosen,AFD,2014-11-27 12:00:00,,Long Seam Weld Anomaly,E,61313.17892,0.2655,98,98,10.75,5.1562,359,30,1970-12-31 12:00:00,,61441.3,7000,16541.42,61441.3
pipeline,1527770,Rosen,AFD,2014-11-27 12:00:00,,Long Seam Weld Anomaly,E,61314.17892,0.2461,92,92,10.75,5.1562,359,30,1970-12-31 12:00:00,,61441.3,7000,16541.42,61441.3
pipeline,1527773,Rosen,AFD,2014-11-27 12:00:00,,Long Seam Weld Anomaly,E,61315.17892,0.3043,74,74,10.75,5.1562,359,30,1970-12-31 12:00:00,,61441.3,7000,16541.42,61441.3
pipeline,1527778,Rosen,AFD,2014-11-27 12:00:00,,Long Seam Weld Anomaly,E,61316.17892,0.1957,172,172,10.75,5.1562,359,30,1970-12-31 12:00:00,,61441.3,7000,16541.42,61441.3
pipeline,1527780,Rosen,AFD,2014-11-27 12:00:00,,Long Seam Weld Anomaly,E,61317.17892,0.2655,117,117,10.75,5.1562,359,30,1970-12-31 12:00:00,,61441.3,7000,16541.42,61441.3
pipeline,1527784,Rosen,AFD,2014-11-27 12:00:00,,Long Seam Weld Anomaly,E,61318.17892,0.1802,141,141,10.75,5.1562,359,30,1970-12-31 12:00:00,,61441.3,7000,16541.42,61441.3
pipeline,1527786,Rosen,AFD,2014-11-27 12:00:00,,Long Seam Weld Anomaly,E,61319.17892,0.2694,78,78,10.75,5.1562,359,30,1970-12-31 12:00:00,,61441.3,7000,16541.42,61441.3
pipeline,1527787,Rosen,AFD,2014-11-27 12:00:00,,Long Seam Weld Anomaly,E,61320.17892,0.2287,104,104,10.75,5.1562,359,30,1970-12-31 12:00:00,,61441.3,7000,16541.42,61441.3
pipeline,1527789,Rosen,AFD,2014-11-27 12:00:00,,Long Seam Weld Anomaly,E,61321.17892,0.2364,62,62,10.75,5.1562,359,30,1970-12-31 12:00:00,,61441.3,7000,16541.42,61441.3
pipeline,1527790,Rosen,AFD,2014-11-27 12:00:00,,Long Seam Weld Anomaly,E,61322.17892,0.2888,55,55,10.75,5.1562,359,30,1970-12-31 12:00:00,,61441.3,7000,16541.42,61441.3
pipeline,1527791,Rosen,AFD,2014-11-27 12:00:00,,Long Seam Weld Anomaly,E,61323.17892,0.2326,62,62,10.75,5.1562,359,30,1970-12-31 12:00:00,,61441.3,7000,16541.42,61441.3
pipeline,1527798,Rosen,AFD,2014-11-27 12:00:00,,Long Seam Weld Anomaly,E,61324.17892,0.2422,97,97,10.75,5.1562,359,30,1970-12-31 12:00:00,,61441.3,7000,16541.42,61441.3
pipeline,1527799,Rosen,AFD,2014-11-27 12:00:00,,Long Seam Weld Anomaly,E,61325.17892,0.2481,83,83,10.75,5.1562,359,30,1970-12-31 12:00:00,,61441.3,7000,16541.42,61441.3
pipeline,1527801,Rosen,AFD,2014-11-27 12:00:00,,Long Seam Weld Anomaly,E,61326.17892,0.2597,13,13,10.75,5.1562,359,30,1970-12-31 12:00:00,,61441.3,7000,16541.42,61441.3
pipeline,1527803,Rosen,AFD,2014-11-27 12:00:00,,Long Seam Weld Anomaly,E,61327.17892,0.2422,19,19,10.75,5.1562,359,30,1970-12-31 12:00:00,,61441.3,7000,16541.42,61441.3
pipeline,1527805,Rosen,AFD,2014-11-27 12:00:00,,Long Seam Weld Anomaly,E,61328.17892,0.3198,29,29,10.75,5.1562,359,30,1970-12-31 12:00:00,,61441.3,7000,16541.42,61441.3
pipeline,1527806,Rosen,AFD,2014-11-27 12:00:00,,Long Seam Weld Anomaly,E,61329.17892,0.2422,79,79,10.75,5.1562,359,30,1970-12-31 12:00:00,,61441.3,7000,16541.42,61441.3
pipeline,1527807,Rosen,AFD,2014-11-27 12:00:00,,Long Seam Weld Anomaly,E,61330.17892,0.3314,25,25,10.75,5.1562,359,30,1970-12-31 12:00:00,,61441.3,7000,16541.42,61441.3
pipeline,1527808,Rosen,AFD,2014-11-27 12:00:00,,Long Seam Weld Anomaly,E,61331.17892,0.2422,112,112,10.75,5.1562,359,30,1970-12-31 12:00:00,,61441.3,7000,16541.42,61441.3
pipeline,1527809,Rosen,AFD,2014-11-27 12:00:00,,Long Seam Weld Anomaly,E,61332.17892,0.3159,85,85,10.75,5.1562,359,30,1970-12-31 12:00:00,,61441.3,7000,16541.42,61441.3
pipeline,1527810,Rosen,AFD,2014-11-27 12:00:00,,Long Seam Weld Anomaly,E,61333.17892,0.2674,87,87,10.75,5.1562,359,30,1970-12-31 12:00:00,,61441.3,7000,16541.42,61441.3
pipeline,1527811,Rosen,AFD,2014-11-27 12:00:00,,Long Seam Weld Anomaly,E,61334.17892,0.2461,101,101,10.75,5.1562,359,30,1970-12-31 12:00:00,,61441.3,7000,16541.42,61441.3
pipeline,1527813,Rosen,AFD,2014-11-27 12:00:00,,Long Seam Weld Anomaly,E,61335.17892,0.2422,107,107,10.75,5.1562,359,30,1970-12-31 12:00:00,,61441.3,7000,16541.42,61441.3
pipeline,1527814,Rosen,AFD,2014-11-27 12:00:00,,Long Seam Weld Anomaly,E,61336.17892,0.1899,78,78,10.75,5.1562,359,30,1970-12-31 12:00:00,,61441.3,7000,16541.42,61441.3
pipeline,1527818,Rosen,AFD,2014-11-27 12:00:00,,Long Seam Weld Anomaly,E,61337.17892,0.2422,64,64,10.75,5.1562,359,30,1970-12-31 12:00:00,,61441.3,7000,16541.42,61441.3
pipeline,1527819,Rosen,AFD,2014-11-27 12:00:00,,Long Seam Weld Anomaly,E,61338.17892,0.2694,94,94,10.75,5.1562,359,30,1970-12-31 12:00:00,,61441.3,7000,16541.42,61441.3
pipeline,1527826,Rosen,AFD,2014-11-27 12:00:00,,Long Seam Weld Anomaly,E,61339.17892,0.2151,70,70,10.75,5.1562,359,30,1970-12-31 12:00:00,,61441.3,7000,16541.42,61441.3
pipeline,1527828,Rosen,AFD,2014-11-27 12:00:00,,Long Seam Weld Anomaly,E,61340.17892,0.2481,62,62,10.75,5.1562,359,30,1970-12-31 12:00:00,,61441.3,7000,16541.42,61441.3
pipeline,1527831,Rosen,AFD,2014-11-27 12:00:00,,Long Seam Weld Anomaly,E,61341.17892,0.2888,76,76,10.75,5.1562,359,30,1970-12-31 12:00:00,,61441.3,7000,16541.42,61441.3
pipeline,1527832,Rosen,AFD,2014-11-27 12:00:00,,Long Seam Weld Anomaly,E,61342.17892,0.2364,49,49,10.75,5.1562,359,30,1970-12-31 12:00:00,,61441.3,7000,16541.42,61441.3
pipeline,1527835,Rosen,AFD,2014-11-27 12:00:00,,Long Seam Weld Anomaly,E,61343.17892,0.2461,73,73,10.75,5.1562,359,30,1970-12-31 12:00:00,,61441.3,7000,16541.42,61441.3
pipeline,1527838,Rosen,AFD,2014-11-27 12:00:00,,Long Seam Weld Anomaly,E,61344.17892,0.2615,57,57,10.75,5.1562,359,30,1970-12-31 12:00:00,,61441.3,7000,16541.42,61441.3
pipeline,1527840,Rosen,AFD,2014-11-27 12:00:00,,Long Seam Weld Anomaly,E,61345.17892,0.2762,25,25,10.75,5.1562,359,30,1970-12-31 12:00:00,,61441.3,7000,16541.42,61441.3
pipeline,1527845,Rosen,AFD,2014-11-27 12:00:00,,Long Seam Weld Anomaly,E,61346.17892,0.2615,83,83,10.75,5.1562,359,30,1970-12-31 12:00:00,,61441.3,7000,16541.42,61441.3
pipeline,1527846,Rosen,AFD,2014-11-27 12:00:00,,Long Seam Weld Anomaly,E,61347.17892,0.2615,77,77,10.75,5.1562,359,30,1970-12-31 12:00:00,,61441.3,7000,16541.42,61441.3
pipeline,1527847,Rosen,AFD,2014-11-27 12:00:00,,Long Seam Weld Anomaly,E,61348.17892,0.3117,49,49,10.75,5.1562,359,30,1970-12-31 12:00:00,,61441.3,7000,16541.42,61441.3
pipeline,1527850,Rosen,AFD,2014-11-27 12:00:00,,Long Seam Weld Anomaly,E,61349.17892,0.2971,58,58,10.75,5.1562,359,30,1970-12-31 12:00:00,,61441.3,7000,16541.42,61441.3
pipeline,1527862,Rosen,AFD,2014-11-27 12:00:00,,Long Seam Weld Anomaly,E,61350.17892,0.1674,3459,3459,10.75,5.1562,359,30,1970-12-31 12:00:00,,61441.3,7000,16541.42,61441.3
pipeline,1527868,Rosen,AFD,2014-11-27 12:00:00,,Long Seam Weld Anomaly,E,61351.17892,0.2657,110,110,10.75,5.1562,359,30,1970-12-31 12:00:00,,61441.3,7000,16541.42,61441.3
pipeline,1527869,Rosen,AFD,2014-11-27 12:00:00,,Long Seam Weld Anomaly,E,61352.17892,0.2657,47,47,10.75,5.1562,359,30,1970-12-31 12:00:00,,61441.3,7000,16541.42,61441.3
pipeline,1527870,Rosen,AFD,2014-11-27 12:00:00,,Long Seam Weld Anomaly,E,61353.17892,0.2615,35,35,10.75,5.1562,359,30,1970-12-31 12:00:00,,61441.3,7000,16541.42,61441.3
pipeline,1527871,Rosen,AFD,2014-11-27 12:00:00,,Long Seam Weld Anomaly,E,61354.17892,0.2615,55,55,10.75,5.1562,359,30,1970-12-31 12:00:00,,61441.3,7000,16541.42,61441.3
pipeline,1527872,Rosen,AFD,2014-11-27 12:00:00,,Long Seam Weld Anomaly,E,61355.17892,0.2364,109,109,10.75,5.1562,359,30,1970-12-31 12:00:00,,61441.3,7000,16541.42,61441.3
pipeline,1527880,Rosen,AFD,2014-11-27 12:00:00,,Long Seam Weld Anomaly,E,61356.17892,0.4247,21,21,10.75,5.1562,359,30,1970-12-31 12:00:00,,61441.3,7000,16541.42,61441.3
pipeline,1527883,Rosen,AFD,2014-11-27 12:00:00,,Long Seam Weld Anomaly,E,61357.17892,0.2699,38,38,10.75,5.1562,359,30,1970-12-31 12:00:00,,61441.3,7000,16541.42,61441.3
pipeline,1527884,Rosen,AFD,2014-11-27 12:00:00,,Long Seam Weld Anomaly,E,61358.17892,0.2699,76,76,10.75,5.1562,359,30,1970-12-31 12:00:00,,61441.3,7000,16541.42,61441.3
pipeline,1527885,Rosen,AFD,2014-11-27 12:00:00,,Long Seam Weld Anomaly,E,61359.17892,0.2615,23,23,10.75,5.1562,359,30,1970-12-31 12:00:00,,61441.3,7000,16541.42,61441.3
pipeline,1527886,Rosen,AFD,2014-11-27 12:00:00,,Long Seam Weld Anomaly,E,61360.17892,0.2762,70,70,10.75,5.1562,359,30,1970-12-31 12:00:00,,61441.3,7000,16541.42,61441.3
pipeline,1527887,Rosen,AFD,2014-11-27 12:00:00,,Long Seam Weld Anomaly,E,61361.17892,0.2615,68,68,10.75,5.1562,359,30,1970-12-31 12:00:00,,61441.3,7000,16541.42,61441.3
pipeline,1527888,Rosen,AFD,2014-11-27 12:00:00,,Long Seam Weld Anomaly,E,61362.17892,0.3222,17,17,10.75,5.1562,359,30,1970-12-31 12:00:00,,61441.3,7000,16541.42,61441.3
pipeline,1527895,Rosen,AFD,2014-11-27 12:00:00,,Long Seam Weld Anomaly,E,61363.17892,0.2552,72,72,10.75,5.1562,359,30,1970-12-31 12:00:00,,61441.3,7000,16541.42,61441.3
pipeline,1527913,Rosen,AFD,2014-11-27 12:00:00,,Long Seam Weld Anomaly,E,61364.17892,0.2657,74,74,10.75,5.1562,359,30,1970-12-31 12:00:00,,61441.3,7000,16541.42,61441.3
pipeline,1527914,Rosen,AFD,2014-11-27 12:00:00,,Long Seam Weld Anomaly,E,61365.17892,0.2699,26,26,10.75,5.1562,359,30,1970-12-31 12:00:00,,61441.3,7000,16541.42,61441.3
pipeline,1527915,Rosen,AFD,2014-11-27 12:00:00,,Long Seam Weld Anomaly,E,61366.17892,0.2887,79,79,10.75,5.1562,359,30,1970-12-31 12:00:00,,61441.3,7000,16541.42,61441.3
pipeline,1527916,Rosen,AFD,2014-11-27 12:00:00,,Long Seam Weld Anomaly,E,61367.17892,0.2699,82,82,10.75,5.1562,359,30,1970-12-31 12:00:00,,61441.3,7000,16541.42,61441.3
pipeline,1527917,Rosen,AFD,2014-11-27 12:00:00,,Long Seam Weld Anomaly,E,61368.17892,0.2552,96,96,10.75,5.1562,359,30,1970-12-31 12:00:00,,61441.3,7000,16541.42,61441.3
pipeline,1527918,Rosen,AFD,2014-11-27 12:00:00,,Long Seam Weld Anomaly,E,61369.17892,0.2116,104,104,10.75,7.0358,359,30,1970-12-31 12:00:00,,61441.3,7000,16541.42,61441.3
pipeline,1527921,Rosen,AFD,2014-11-27 12:00:00,,Long Seam Weld Anomaly,E,61370.17892,0.3042,29,29,10.75,9.271,359,30,1970-12-31 12:00:00,,61441.3,7000,16541.42,61441.3
pipeline,1527923,Rosen,AFD,2014-11-27 12:00:00,,Long Seam Weld Anomaly,E,61371.17892,0.3117,21,21,10.75,4.7752,359,30,1970-12-31 12:00:00,,61441.3,7000,16541.42,61441.3
pipeline,1527928,Rosen,AFD,2014-11-27 12:00:00,,Long Seam Weld Anomaly,E,61372.17892,0.3117,26,26,10.75,4.7752,359,30,1970-12-31 12:00:00,,61441.3,7000,16541.42,61441.3
pipeline,1527935,Rosen,AFD,2014-11-27 12:00:00,,Long Seam Weld Anomaly,E,61373.17892,0.2866,28,28,10.75,4.7752,359,30,1970-12-31 12:00:00,,61441.3,7000,16541.42,61441.3
pipeline,1527940,Rosen,AFD,2014-11-27 12:00:00,,Long Seam Weld Anomaly,E,61374.17892,0.2762,46,46,10.75,4.7752,359,30,1970-12-31 12:00:00,,61441.3,7000,16541.42,61441.3
pipeline,1527943,Rosen,AFD,2014-11-27 12:00:00,,Long Seam Weld Anomaly,E,61375.17892,0.295,31,31,10.75,4.7752,359,30,1970-12-31 12:00:00,,61441.3,7000,16541.42,61441.3
pipeline,1527944,Rosen,AFD,2014-11-27 12:00:00,,Long Seam Weld Anomaly,E,61376.17892,0.2615,21,21,10.75,4.7752,359,30,1970-12-31 12:00:00,,61441.3,7000,16541.42,61441.3
pipeline,1527946,Rosen,AFD,2014-11-27 12:00:00,,Long Seam Weld Anomaly,E,61377.17892,0.2908,46,46,10.75,4.7752,359,30,1970-12-31 12:00:00,,61441.3,7000,16541.42,61441.3
pipeline,1527949,Rosen,AFD,2014-11-27 12:00:00,,Long Seam Weld Anomaly,E,61378.17892,0.3117,54,54,10.75,4.7752,359,30,1970-12-31 12:00:00,,61441.3,7000,16541.42,61441.3
pipeline,1527950,Rosen,AFD,2014-11-27 12:00:00,,Long Seam Weld Anomaly,E,61379.17892,0.2845,62,62,10.75,4.7752,359,30,1970-12-31 12:00:00,,61441.3,7000,16541.42,61441.3
pipeline,1527951,Rosen,AFD,2014-11-27 12:00:00,,Long Seam Weld Anomaly,E,61380.17892,0.2678,48,48,10.75,4.7752,359,30,1970-12-31 12:00:00,,61441.3,7000,16541.42,61441.3
pipeline,1527952,Rosen,AFD,2014-11-27 12:00:00,,Long Seam Weld Anomaly,E,61381.17892,0.2552,17,17,10.75,4.7752,359,30,1970-12-31 12:00:00,,61441.3,7000,16541.42,61441.3
pipeline,1527959,Rosen,AFD,2014-11-27 12:00:00,,Long Seam Weld Anomaly,E,61382.17892,0.2552,15,15,10.75,4.7752,359,30,1970-12-31 12:00:00,,61441.3,7000,16541.42,61441.3
pipeline,1527960,Rosen,AFD,2014-11-27 12:00:00,,Long Seam Weld Anomaly,E,61383.17892,0.2615,25,25,10.75,4.7752,359,30,1970-12-31 12:00:00,,61441.3,7000,16541.42,61441.3
pipeline,1527962,Rosen,AFD,2014-11-27 12:00:00,,Long Seam Weld Anomaly,E,61384.17892,0.2552,61,61,10.75,4.7752,359,30,1970-12-31 12:00:00,,61441.3,7000,16541.42,61441.3
pipeline,1527963,Rosen,AFD,2014-11-27 12:00:00,,Long Seam Weld Anomaly,E,61385.17892,0.2762,25,25,10.75,4.7752,359,30,1970-12-31 12:00:00,,61441.3,7000,16541.42,61441.3
pipeline,1527964,Rosen,AFD,2014-11-27 12:00:00,,Long Seam Weld Anomaly,E,61386.17892,0.2782,39,39,10.75,4.7752,359,30,1970-12-31 12:00:00,,61441.3,7000,16541.42,61441.3
pipeline,1527966,Rosen,AFD,2014-11-27 12:00:00,,Long Seam Weld Anomaly,E,61387.17892,0.2615,26,26,10.75,4.7752,359,30,1970-12-31 12:00:00,,61441.3,7000,16541.42,61441.3
pipeline,1527967,Rosen,AFD,2014-11-27 12:00:00,,Long Seam Weld Anomaly,E,61388.17892,0.2552,36,36,10.75,4.7752,359,30,1970-12-31 12:00:00,,61441.3,7000,16541.42,61441.3
pipeline,1527971,Rosen,AFD,2014-11-27 12:00:00,,Long Seam Weld Anomaly,E,61389.17892,0.2657,28,28,10.75,4.7752,359,30,1970-12-31 12:00:00,,61441.3,7000,16541.42,61441.3
pipeline,1527972,Rosen,AFD,2014-11-27 12:00:00,,Long Seam Weld Anomaly,E,61390.17892,0.2699,19,19,10.75,4.7752,359,30,1970-12-31 12:00:00,,61441.3,7000,16541.42,61441.3
pipeline,1527973,Rosen,AFD,2014-11-27 12:00:00,,Long Seam Weld Anomaly,E,61391.17892,0.2615,21,21,10.75,4.7752,359,30,1970-12-31 12:00:00,,61441.3,7000,16541.42,61441.3
pipeline,1527976,Rosen,AFD,2014-11-27 12:00:00,,Long Seam Weld Anomaly,E,61392.17892,0.2762,22,22,10.75,4.7752,359,30,1970-12-31 12:00:00,,61441.3,7000,16541.42,61441.3
pipeline,1527977,Rosen,AFD,2014-11-27 12:00:00,,Long Seam Weld Anomaly,E,61393.17892,0.2615,74,74,10.75,4.7752,359,30,1970-12-31 12:00:00,,61441.3,7000,16541.42,61441.3
pipeline,1527978,Rosen,AFD,2014-11-27 12:00:00,,Long Seam Weld Anomaly,E,61394.17892,0.2615,37,37,10.75,4.7752,359,30,1970-12-31 12:00:00,,61441.3,7000,16541.42,61441.3
pipeline,1527979,Rosen,AFD,2014-11-27 12:00:00,,Long Seam Weld Anomaly,E,61395.17892,0.2699,33,33,10.75,4.7752,359,30,1970-12-31 12:00:00,,61441.3,7000,16541.42,61441.3
pipeline,1527980,Rosen,AFD,2014-11-27 12:00:00,,Long Seam Weld Anomaly,E,61396.17892,0.2552,40,40,10.75,4.7752,359,30,1970-12-31 12:00:00,,61441.3,7000,16541.42,61441.3
pipeline,1527981,Rosen,AFD,2014-11-27 12:00:00,,Long Seam Weld Anomaly,E,61397.17892,0.2615,11,11,10.75,4.7752,359,30,1970-12-31 12:00:00,,61441.3,7000,16541.42,61441.3
pipeline,1527982,Rosen,AFD,2014-11-27 12:00:00,,Long Seam Weld Anomaly,E,61398.17892,0.3054,36,36,10.75,4.7752,359,30,1970-12-31 12:00:00,,61441.3,7000,16541.42,61441.3
pipeline,1527983,Rosen,AFD,2014-11-27 12:00:00,,Long Seam Weld Anomaly,E,61399.17892,0.2741,15,15,10.75,4.7752,359,30,1970-12-31 12:00:00,,61441.3,7000,16541.42,61441.3
pipeline,1527984,Rosen,AFD,2014-11-27 12:00:00,,Long Seam Weld Anomaly,E,61400.17892,0.3201,13,13,10.75,4.7752,359,30,1970-12-31 12:00:00,,61441.3,7000,16541.42,61441.3
pipeline,1527985,Rosen,AFD,2014-11-27 12:00:00,,Long Seam Weld Anomaly,E,61401.17892,0.3054,36,36,10.75,4.7752,359,30,1970-12-31 12:00:00,,61441.3,7000,16541.42,61441.3
pipeline,1527986,Rosen,AFD,2014-11-27 12:00:00,,Long Seam Weld Anomaly,E,61402.17892,0.2803,15,15,10.75,4.7752,359,30,1970-12-31 12:00:00,,61441.3,7000,16541.42,61441.3
pipeline,1527987,Rosen,AFD,2014-11-27 12:00:00,,Long Seam Weld Anomaly,E,61403.17892,0.2657,23,23,10.75,4.7752,359,30,1970-12-31 12:00:00,,61441.3,7000,16541.42,61441.3
pipeline,1527989,Rosen,AFD,2014-11-27 12:00:00,,Long Seam Weld Anomaly,E,61404.17892,0.2992,25,25,10.75,4.7752,359,30,1970-12-31 12:00:00,,61441.3,7000,16541.42,61441.3
pipeline,1527990,Rosen,AFD,2014-11-27 12:00:00,,Long Seam Weld Anomaly,E,61405.17892,0.3577,16,16,10.75,4.7752,359,30,1970-12-31 12:00:00,,61441.3,7000,16541.42,61441.3
pipeline,1527991,Rosen,AFD,2014-11-27 12:00:00,,Long Seam Weld Anomaly,E,61406.17892,0.3389,18,18,10.75,4.7752,359,30,1970-12-31 12:00:00,,61441.3,7000,16541.42,61441.3
pipeline,1527992,Rosen,AFD,2014-11-27 12:00:00,,Long Seam Weld Anomaly,E,61407.17892,0.3326,21,21,10.75,4.7752,359,30,1970-12-31 12:00:00,,61441.3,7000,16541.42,61441.3
pipeline,1527995,Rosen,AFD,2014-11-27 12:00:00,,Long Seam Weld Anomaly,E,61408.17892,0.3013,16,16,10.75,4.7752,359,30,1970-12-31 12:00:00,,61441.3,7000,16541.42,61441.3
pipeline,1527996,Rosen,AFD,2014-11-27 12:00:00,,Long Seam Weld Anomaly,E,61409.17892,0.3054,16,16,10.75,4.7752,359,30,1970-12-31 12:00:00,,61441.3,7000,16541.42,61441.3
pipeline,1527997,Rosen,AFD,2014-11-27 12:00:00,,Long Seam Weld Anomaly,E,61410.17892,0.3598,21,21,10.75,4.7752,359,30,1970-12-31 12:00:00,,61441.3,7000,16541.42,61441.3
pipeline,1528003,Rosen,AFD,2014-11-27 12:00:00,,Long Seam Weld Anomaly,E,61411.17892,0.2782,71,71,10.75,4.7752,359,30,1970-12-31 12:00:00,,61441.3,7000,16541.42,61441.3
pipeline,1528014,Rosen,AFD,2014-11-27 12:00:00,,Long Seam Weld Anomaly,E,61412.17892,0.295,12,12,10.75,4.7752,359,30,1970-12-31 12:00:00,,61441.3,7000,16541.42,61441.3
pipeline,1528016,Rosen,AFD,2014-11-27 12:00:00,,Long Seam Weld Anomaly,E,61413.17892,0.2992,45,45,10.75,4.7752,359,30,1970-12-31 12:00:00,,61441.3,7000,16541.42,61441.3
pipeline,1528017,Rosen,AFD,2014-11-27 12:00:00,,Long Seam Weld Anomaly,E,61414.17892,0.3117,34,34,10.75,4.7752,359,30,1970-12-31 12:00:00,,61441.3,7000,16541.42,61441.3
pipeline,1528018,Rosen,AFD,2014-11-27 12:00:00,,Long Seam Weld Anomaly,E,61415.17892,0.3849,31,31,10.75,4.7752,359,30,1970-12-31 12:00:00,,61441.3,7000,16541.42,61441.3
pipeline,1528019,Rosen,AFD,2014-11-27 12:00:00,,Long Seam Weld Anomaly,E,61416.17892,0.2971,43,43,10.75,4.7752,359,30,1970-12-31 12:00:00,,61441.3,7000,16541.42,61441.3
pipeline,1528025,Rosen,AFD,2014-11-27 12:00:00,,Long Seam Weld Anomaly,E,61417.17892,0.3724,42,42,10.75,4.7752,359,30,1970-12-31 12:00:00,,61441.3,7000,16541.42,61441.3
pipeline,1528028,Rosen,AFD,2014-11-27 12:00:00,,Long Seam Weld Anomaly,E,61418.17892,0.3054,65,65,10.75,4.7752,359,30,1970-12-31 12:00:00,,61441.3,7000,16541.42,61441.3
pipeline,1528029,Rosen,AFD,2014-11-27 12:00:00,,Long Seam Weld Anomaly,E,61419.17892,0.2531,93,93,10.75,4.7752,359,30,1970-12-31 12:00:00,,61441.3,7000,16541.42,61441.3
pipeline,1528030,Rosen,AFD,2014-11-27 12:00:00,,Long Seam Weld Anomaly,E,61420.17892,0.251,77,77,10.75,4.7752,359,30,1970-12-31 12:00:00,,61441.3,7000,16541.42,61441.3
pipeline,1528032,Rosen,AFD,2014-11-27 12:00:00,,Long Seam Weld Anomaly,E,61421.17892,0.2615,33,33,10.75,4.7752,359,30,1970-12-31 12:00:00,,61441.3,7000,16541.42,61441.3
pipeline,1528033,Rosen,AFD,2014-11-27 12:00:00,,Long Seam Weld Anomaly,E,61422.17892,0.2762,33,33,10.75,4.7752,359,30,1970-12-31 12:00:00,,61441.3,7000,16541.42,61441.3
pipeline,1528034,Rosen,AFD,2014-11-27 12:00:00,,Long Seam Weld Anomaly,E,61423.17892,0.3013,23,23,10.75,4.7752,359,30,1970-12-31 12:00:00,,61441.3,7000,16541.42,61441.3
pipeline,1528035,Rosen,AFD,2014-11-27 12:00:00,,Long Seam Weld Anomaly,E,61424.17892,0.2615,21,21,10.75,4.7752,359,30,1970-12-31 12:00:00,,61441.3,7000,16541.42,61441.3
pipeline,1528037,Rosen,AFD,2014-11-27 12:00:00,,Long Seam Weld Anomaly,E,61425.17892,0.0962,186,186,10.75,4.7752,359,30,1970-12-31 12:00:00,,61441.3,7000,16541.42,61441.3
pipeline,1528038,Rosen,AFD,2014-11-27 12:00:00,,Long Seam Weld Anomaly,E,61426.17892,0.1255,152,152,10.75,4.7752,359,30,1970-12-31 12:00:00,,61441.3,7000,16541.42,61441.3
pipeline,1528039,Rosen,AFD,2014-11-27 12:00:00,,Long Seam Weld Anomaly,E,61427.17892,0.1151,152,152,10.75,4.7752,359,30,1970-12-31 12:00:00,,61441.3,7000,16541.42,61441.3
pipeline,1528042,Rosen,AFD,2014-11-27 12:00:00,,Long Seam Weld Anomaly,E,61428.17892,0.1862,61,61,10.75,4.7752,359,30,1970-12-31 12:00:00,,61441.3,7000,16541.42,61441.3
pipeline,1528047,Rosen,AFD,2014-11-27 12:00:00,,Long Seam Weld Anomaly,E,61429.17892,0.2615,81,81,10.75,4.7752,359,30,1970-12-31 12:00:00,,61441.3,7000,16541.42,61441.3
pipeline,1528056,Rosen,AFD,2014-11-27 12:00:00,,Long Seam Weld Anomaly,E,61430.17892,0.2971,23,23,10.75,4.7752,359,30,1970-12-31 12:00:00,,61441.3,7000,16541.42,61441.3
pipeline,1528067,Rosen,AFD,2014-11-27 12:00:00,,Long Seam Weld Anomaly,E,61431.17892,0.2552,12,12,10.75,4.7752,359,30,1970-12-31 12:00:00,,61441.3,7000,16541.42,61441.3
pipeline,1528068,Rosen,AFD,2014-11-27 12:00:00,,Long Seam Weld Anomaly,E,61432.17892,0.3452,43,43,10.75,4.7752,359,30,1970-12-31 12:00:00,,61441.3,7000,16541.42,61441.3
pipeline,1528072,Rosen,AFD,2014-11-27 12:00:00,,Long Seam Weld Anomaly,E,61433.17892,0.3661,35,35,10.75,4.7752,359,30,1970-12-31 12:00:00,,61441.3,7000,16541.42,61441.3
pipeline,1528077,Rosen,AFD,2014-11-27 12:00:00,,Long Seam Weld Anomaly,E,61434.17892,0.3117,46,46,10.75,4.7752,359,30,1970-12-31 12:00:00,,61441.3,7000,16541.42,61441.3
pipeline,1528079,Rosen,AFD,2014-11-27 12:00:00,,Long Seam Weld Anomaly,E,61435.17892,0.2866,35,35,10.75,4.7752,359,30,1970-12-31 12:00:00,,61441.3,7000,16541.42,61441.3
pipeline,1528080,Rosen,AFD,2014-11-27 12:00:00,,Long Seam Weld Anomaly,E,61436.17892,0.2762,47,47,10.75,4.7752,359,30,1970-12-31 12:00:00,,61441.3,7000,16541.42,61441.3
pipeline,1528081,Rosen,AFD,2014-11-27 12:00:00,,Long Seam Weld Anomaly,E,61437.17892,0.318,51,51,10.75,4.7752,359,30,1970-12-31 12:00:00,,61441.3,7000,16541.42,61441.3
pipeline,1528083,Rosen,AFD,2014-11-27 12:00:00,,Long Seam Weld Anomaly,E,61438.17892,0.2657,73,73,10.75,4.7752,359,30,1970-12-31 12:00:00,,61441.3,7000,16541.42,61441.3
pipeline,1528085,Rosen,AFD,2014-11-27 12:00:00,,Long Seam Weld Anomaly,E,61439.17892,0.318,20,20,10.75,4.7752,359,30,1970-12-31 12:00:00,,61441.3,7000,16541.42,61441.3
pipeline,1528086,Rosen,AFD,2014-11-27 12:00:00,,Long Seam Weld Anomaly,E,61440.17892,0.3117,48,48,10.75,4.7752,359,30,1970-12-31 12:00:00,,61441.3,7000,16541.42,61441.3
pipeline,1528087,Rosen,AFD,2014-11-27 12:00:00,,Long Seam Weld Anomaly,E,61441.17892,0.3054,40,40,10.75,4.7752,359,30,1970-12-31 12:00:00,,61441.3,7000,16541.42,61441.3
pipeline,1528088,Rosen,AFD,2014-11-27 12:00:00,,Long Seam Weld Anomaly,E,61442.17892,0.2803,42,42,10.75,4.7752,359,30,1970-12-31 12:00:00,,61441.3,7000,16541.42,61441.3
pipeline,1528089,Rosen,AFD,2014-11-27 12:00:00,,Long Seam Weld Anomaly,E,61443.17892,0.3347,58,58,10.75,4.7752,359,30,1970-12-31 12:00:00,,61441.3,7000,16541.42,61441.3
pipeline,1528090,Rosen,AFD,2014-11-27 12:00:00,,Long Seam Weld Anomaly,E,61444.17892,0.295,38,38,10.75,4.7752,359,30,1970-12-31 12:00:00,,61441.3,7000,16541.42,61441.3
pipeline,1528091,Rosen,AFD,2014-11-27 12:00:00,,Long Seam Weld Anomaly,E,61445.17892,0.2762,65,65,10.75,4.7752,359,30,1970-12-31 12:00:00,,61441.3,7000,16541.42,61441.3
pipeline,1528092,Rosen,AFD,2014-11-27 12:00:00,,Long Seam Weld Anomaly,E,61446.17892,0.2657,72,72,10.75,4.7752,359,30,1970-12-31 12:00:00,,61441.3,7000,16541.42,61441.3
pipeline,1528094,Rosen,AFD,2014-11-27 12:00:00,,Long Seam Weld Anomaly,E,61447.17892,0.2699,30,30,10.75,4.7752,359,30,1970-12-31 12:00:00,,61441.3,7000,16541.42,61441.3
pipeline,1528095,Rosen,AFD,2014-11-27 12:00:00,,Long Seam Weld Anomaly,E,61448.17892,0.2992,40,40,10.75,4.7752,359,30,1970-12-31 12:00:00,,61441.3,7000,16541.42,61441.3
pipeline,1528100,Rosen,AFD,2014-11-27 12:00:00,,Long Seam Weld Anomaly,E,61449.17892,0.2741,24,24,10.75,4.7752,359,30,1970-12-31 12:00:00,,61441.3,7000,16541.42,61441.3
pipeline,1528101,Rosen,AFD,2014-11-27 12:00:00,,Long Seam Weld Anomaly,E,61450.17892,0.3117,42,42,10.75,4.7752,359,30,1970-12-31 12:00:00,,61441.3,7000,16541.42,61441.3
pipeline,1528103,Rosen,AFD,2014-11-27 12:00:00,,Long Seam Weld Anomaly,E,61451.17892,0.2552,22,22,10.75,4.7752,359,30,1970-12-31 12:00:00,,61441.3,7000,16541.42,61441.3
pipeline,1528104,Rosen,AFD,2014-11-27 12:00:00,,Long Seam Weld Anomaly,E,61452.17892,0.2615,67,67,10.75,4.7752,359,30,1970-12-31 12:00:00,,61441.3,7000,16541.42,61441.3
pipeline,1528105,Rosen,AFD,2014-11-27 12:00:00,,Long Seam Weld Anomaly,E,61453.17892,0.2971,32,32,10.75,4.7752,359,30,1970-12-31 12:00:00,,61441.3,7000,16541.42,61441.3
pipeline,1528107,Rosen,AFD,2014-11-27 12:00:00,,Long Seam Weld Anomaly,E,61454.17892,0.2887,24,24,10.75,4.7752,359,30,1970-12-31 12:00:00,,61441.3,7000,16541.42,61441.3
pipeline,1528108,Rosen,AFD,2014-11-27 12:00:00,,Long Seam Weld Anomaly,E,61455.17892,0.3264,38,38,10.75,4.7752,359,30,1970-12-31 12:00:00,,61441.3,7000,16541.42,61441.3
pipeline,1528109,Rosen,AFD,2014-11-27 12:00:00,,Long Seam Weld Anomaly,E,61456.17892,0.3473,38,38,10.75,4.7752,359,30,1970-12-31 12:00:00,,61441.3,7000,16541.42,61441.3
pipeline,1528112,Rosen,AFD,2014-11-27 12:00:00,,Long Seam Weld Anomaly,E,61457.17892,0.3117,34,34,10.75,4.7752,359,30,1970-12-31 12:00:00,,61441.3,7000,16541.42,61441.3
pipeline,1528119,Rosen,AFD,2014-11-27 12:00:00,,Long Seam Weld Anomaly,E,61458.17892,0.2552,36,36,10.75,4.7752,359,30,1970-12-31 12:00:00,,61441.3,7000,16541.42,61441.3
pipeline,1528120,Rosen,AFD,2014-11-27 12:00:00,,Long Seam Weld Anomaly,E,61459.17892,0.3996,36,36,10.75,4.7752,359,30,1970-12-31 12:00:00,,61441.3,7000,16541.42,61441.3
pipeline,1528129,Rosen,AFD,2014-11-27 12:00:00,,Long Seam Weld Anomaly,E,61460.17892,0.2866,70,70,10.75,4.7752,359,30,1970-12-31 12:00:00,,61441.3,7000,16541.42,61441.3
pipeline,1528130,Rosen,AFD,2014-11-27 12:00:00,,Long Seam Weld Anomaly,E,61461.17892,0.2615,26,26,10.75,4.7752,359,30,1970-12-31 12:00:00,,61441.3,7000,16541.42,61441.3
pipeline,1528131,Rosen,AFD,2014-11-27 12:00:00,,Long Seam Weld Anomaly,E,61462.17892,0.2992,26,26,10.75,4.7752,359,30,1970-12-31 12:00:00,,61441.3,7000,16541.42,61441.3
pipeline,1528132,Rosen,AFD,2014-11-27 12:00:00,,Long Seam Weld Anomaly,E,61463.17892,0.2887,30,30,10.75,4.7752,359,30,1970-12-31 12:00:00,,61441.3,7000,16541.42,61441.3
pipeline,1528133,Rosen,AFD,2014-11-27 12:00:00,,Long Seam Weld Anomaly,E,61464.17892,0.2615,82,82,10.75,4.7752,359,30,1970-12-31 12:00:00,,61441.3,7000,16541.42,61441.3
pipeline,1528134,Rosen,AFD,2014-11-27 12:00:00,,Long Seam Weld Anomaly,E,61465.17892,0.2552,36,36,10.75,4.7752,359,30,1970-12-31 12:00:00,,61441.3,7000,16541.42,61441.3
pipeline,1528135,Rosen,AFD,2014-11-27 12:00:00,,Long Seam Weld Anomaly,E,61466.17892,0.2657,36,36,10.75,4.7752,359,30,1970-12-31 12:00:00,,61441.3,7000,16541.42,61441.3
pipeline,1528136,Rosen,AFD,2014-11-27 12:00:00,,Long Seam Weld Anomaly,E,61467.17892,0.3473,54,54,10.75,4.7752,359,30,1970-12-31 12:00:00,,61441.3,7000,16541.42,61441.3
pipeline,1528137,Rosen,AFD,2014-11-27 12:00:00,,Long Seam Weld Anomaly,E,61468.17892,0.3285,34,34,10.75,4.7752,359,30,1970-12-31 12:00:00,,61441.3,7000,16541.42,61441.3
pipeline,1528144,Rosen,AFD,2014-11-27 12:00:00,,Long Seam Weld Anomaly,E,61469.17892,0.2699,34,34,10.75,4.7752,359,30,1970-12-31 12:00:00,,61441.3,7000,16541.42,61441.3
pipeline,1528151,Rosen,AFD,2014-11-27 12:00:00,,Long Seam Weld Anomaly,E,61470.17892,0.2657,60,60,10.75,4.7752,359,30,1970-12-31 12:00:00,,61441.3,7000,16541.42,61441.3
pipeline,1528154,Rosen,AFD,2014-11-27 12:00:00,,Long Seam Weld Anomaly,E,61471.17892,0.3222,52,52,10.75,4.7752,359,30,1970-12-31 12:00:00,,61441.3,7000,16541.42,61441.3
pipeline,1528155,Rosen,AFD,2014-11-27 12:00:00,,Long Seam Weld Anomaly,E,61472.17892,0.4205,20,20,10.75,4.7752,359,30,1970-12-31 12:00:00,,61441.3,7000,16541.42,61441.3
pipeline,1528156,Rosen,AFD,2014-11-27 12:00:00,,Long Seam Weld Anomaly,E,61473.17892,0.3117,44,44,10.75,4.7752,359,30,1970-12-31 12:00:00,,61441.3,7000,16541.42,61441.3
pipeline,1528157,Rosen,AFD,2014-11-27 12:00:00,,Long Seam Weld Anomaly,E,61474.17892,0.2615,38,38,10.75,4.7752,359,30,1970-12-31 12:00:00,,61441.3,7000,16541.42,61441.3
pipeline,1528158,Rosen,AFD,2014-11-27 12:00:00,,Long Seam Weld Anomaly,E,61475.17892,0.2699,76,76,10.75,4.7752,359,30,1970-12-31 12:00:00,,61441.3,7000,16541.42,61441.3
pipeline,1528159,Rosen,AFD,2014-11-27 12:00:00,,Long Seam Weld Anomaly,E,61476.17892,0.3347,52,52,10.75,4.7752,359,30,1970-12-31 12:00:00,,61441.3,7000,16541.42,61441.3
pipeline,1528160,Rosen,AFD,2014-11-27 12:00:00,,Long Seam Weld Anomaly,E,61477.17892,0.2552,54,54,10.75,4.7752,359,30,1970-12-31 12:00:00,,61441.3,7000,16541.42,61441.3
pipeline,1528162,Rosen,AFD,2014-11-27 12:00:00,,Long Seam Weld Anomaly,E,61478.17892,0.2552,32,32,10.75,4.7752,359,30,1970-12-31 12:00:00,,61441.3,7000,16541.42,61441.3
pipeline,1528165,Rosen,AFD,2014-11-27 12:00:00,,Long Seam Weld Anomaly,E,61479.17892,0.3222,18,18,10.75,4.7752,359,30,1970-12-31 12:00:00,,61441.3,7000,16541.42,61441.3
pipeline,1528166,Rosen,AFD,2014-11-27 12:00:00,,Long Seam Weld Anomaly,E,61480.17892,0.3026,536,536,10.75,9.271,359,30,1970-12-31 12:00:00,,61441.3,7000,16541.42,61441.3
pipeline,1528168,Rosen,AFD,2014-11-27 12:00:00,,Long Seam Weld Anomaly,E,61481.17892,0.2762,20,20,10.75,4.7752,359,30,1970-12-31 12:00:00,,61441.3,7000,16541.42,61441.3
pipeline,1528169,Rosen,AFD,2014-11-27 12:00:00,,Long Seam Weld Anomaly,E,61482.17892,0.3054,24,24,10.75,4.7752,359,30,1970-12-31 12:00:00,,61441.3,7000,16541.42,61441.3
pipeline,1528172,Rosen,AFD,2014-11-27 12:00:00,,Long Seam Weld Anomaly,E,61483.17892,0.2762,18,18,10.75,4.7752,359,30,1970-12-31 12:00:00,,61441.3,7000,16541.42,61441.3
pipeline,1528173,Rosen,AFD,2014-11-27 12:00:00,,Long Seam Weld Anomaly,E,61484.17892,0.2615,52,52,10.75,4.7752,359,30,1970-12-31 12:00:00,,61441.3,7000,16541.42,61441.3
pipeline,1528174,Rosen,AFD,2014-11-27 12:00:00,,Long Seam Weld Anomaly,E,61485.17892,0.2657,20,20,10.75,4.7752,359,30,1970-12-31 12:00:00,,61441.3,7000,16541.42,61441.3
pipeline,1528175,Rosen,AFD,2014-11-27 12:00:00,,Long Seam Weld Anomaly,E,61486.17892,0.2552,60,60,10.75,4.7752,359,30,1970-12-31 12:00:00,,61441.3,7000,16541.42,61441.3
pipeline,1528179,Rosen,AFD,2014-11-27 12:00:00,,Long Seam Weld Anomaly,E,61487.17892,0.295,72,72,10.75,4.7752,359,30,1970-12-31 12:00:00,,61441.3,7000,16541.42,61441.3
pipeline,1528180,Rosen,AFD,2014-11-27 12:00:00,,Long Seam Weld Anomaly,E,61488.17892,0.2657,34,34,10.75,4.7752,359,30,1970-12-31 12:00:00,,61441.3,7000,16541.42,61441.3
pipeline,1528183,Rosen,AFD,2014-11-27 12:00:00,,Long Seam Weld Anomaly,E,61489.17892,0.2552,38,38,10.75,4.7752,359,30,1970-12-31 12:00:00,,61441.3,7000,16541.42,61441.3
pipeline,1528184,Rosen,AFD,2014-11-27 12:00:00,,Long Seam Weld Anomaly,E,61490.17892,0.2992,20,20,10.75,4.7752,359,30,1970-12-31 12:00:00,,61441.3,7000,16541.42,61441.3
pipeline,1528191,Rosen,AFD,2014-11-27 12:00:00,,Long Seam Weld Anomaly,E,61491.17892,0.2615,70,70,10.75,4.7752,359,30,1970-12-31 12:00:00,,61441.3,7000,16541.42,61441.3
pipeline,1528193,Rosen,AFD,2014-11-27 12:00:00,,Long Seam Weld Anomaly,E,61492.17892,0.3577,38,38,10.75,4.7752,359,30,1970-12-31 12:00:00,,61441.3,7000,16541.42,61441.3
pipeline,1528194,Rosen,AFD,2014-11-27 12:00:00,,Long Seam Weld Anomaly,E,61493.17892,0.3222,22,22,10.75,4.7752,359,30,1970-12-31 12:00:00,,61441.3,7000,16541.42,61441.3
pipeline,1528195,Rosen,AFD,2014-11-27 12:00:00,,Long Seam Weld Anomaly,E,61494.17892,0.2741,12,12,10.75,4.7752,359,30,1970-12-31 12:00:00,,61441.3,7000,16541.42,61441.3
pipeline,1528201,Rosen,AFD,2014-11-27 12:00:00,,Long Seam Weld Anomaly,E,61495.17892,0.2615,40,40,10.75,4.7752,359,30,1970-12-31 12:00:00,,61441.3,7000,16541.42,61441.3
pipeline,1528203,Rosen,AFD,2014-11-27 12:00:00,,Long Seam Weld Anomaly,E,61496.17892,0.2615,58,58,10.75,4.7752,359,30,1970-12-31 12:00:00,,61441.3,7000,16541.42,61441.3
pipeline,1528204,Rosen,AFD,2014-11-27 12:00:00,,Long Seam Weld Anomaly,E,61497.17892,0.2803,30,30,10.75,4.7752,359,30,1970-12-31 12:00:00,,61441.3,7000,16541.42,61441.3
pipeline,1528205,Rosen,AFD,2014-11-27 12:00:00,,Long Seam Weld Anomaly,E,61498.17892,0.2845,71,71,10.75,4.7752,359,30,1970-12-31 12:00:00,,61441.3,7000,16541.42,61441.3
pipeline,1528210,Rosen,AFD,2014-11-27 12:00:00,,Long Seam Weld Anomaly,E,61499.17892,0.2782,42,42,10.75,4.7752,359,30,1970-12-31 12:00:00,,61441.3,7000,16541.42,61441.3
pipeline,1528218,Rosen,AFD,2014-11-27 12:00:00,,Long Seam Weld Anomaly,E,61500.17892,0.2657,72,72,10.75,4.7752,359,30,1970-12-31 12:00:00,,61441.3,7000,16541.42,61441.3
pipeline,1528219,Rosen,AFD,2014-11-27 12:00:00,,Long Seam Weld Anomaly,E,61501.17892,0.3389,52,52,10.75,4.7752,359,30,1970-12-31 12:00:00,,61441.3,7000,16541.42,61441.3
pipeline,1528221,Rosen,AFD,2014-11-27 12:00:00,,Long Seam Weld Anomaly,E,61502.17892,0.2845,40,40,10.75,4.7752,359,30,1970-12-31 12:00:00,,61441.3,7000,16541.42,61441.3
pipeline,1528223,Rosen,AFD,2014-11-27 12:00:00,,Long Seam Weld Anomaly,E,61503.17892,0.2552,62,62,10.75,4.7752,359,30,1970-12-31 12:00:00,,61441.3,7000,16541.42,61441.3
pipeline,1528227,Rosen,AFD,2014-11-27 12:00:00,,Long Seam Weld Anomaly,E,61504.17892,0.2762,40,40,10.75,4.7752,359,30,1970-12-31 12:00:00,,61441.3,7000,16541.42,61441.3
pipeline,1528229,Rosen,AFD,2014-11-27 12:00:00,,Long Seam Weld Anomaly,E,61505.17892,0.2866,42,42,10.75,4.7752,359,30,1970-12-31 12:00:00,,61441.3,7000,16541.42,61441.3
pipeline,1528232,Rosen,AFD,2014-11-27 12:00:00,,Long Seam Weld Anomaly,E,61506.17892,0.3452,38,38,10.75,4.7752,359,30,1970-12-31 12:00:00,,61441.3,7000,16541.42,61441.3
pipeline,1528233,Rosen,AFD,2014-11-27 12:00:00,,Long Seam Weld Anomaly,E,61507.17892,0.3285,36,36,10.75,4.7752,359,30,1970-12-31 12:00:00,,61441.3,7000,16541.42,61441.3
pipeline,1528234,Rosen,AFD,2014-11-27 12:00:00,,Long Seam Weld Anomaly,E,61508.17892,0.2845,14,14,10.75,4.7752,359,30,1970-12-31 12:00:00,,61441.3,7000,16541.42,61441.3
pipeline,1528235,Rosen,AFD,2014-11-27 12:00:00,,Long Seam Weld Anomaly,E,61509.17892,0.3054,52,52,10.75,4.7752,359,30,1970-12-31 12:00:00,,61441.3,7000,16541.42,61441.3
pipeline,1528236,Rosen,AFD,2014-11-27 12:00:00,,Long Seam Weld Anomaly,E,61510.17892,0.2762,36,36,10.75,4.7752,359,30,1970-12-31 12:00:00,,61441.3,7000,16541.42,61441.3
pipeline,1528237,Rosen,AFD,2014-11-27 12:00:00,,Long Seam Weld Anomaly,E,61511.17892,0.2971,32,32,10.75,4.7752,359,30,1970-12-31 12:00:00,,61441.3,7000,16541.42,61441.3
pipeline,1528238,Rosen,AFD,2014-11-27 12:00:00,,Long Seam Weld Anomaly,E,61512.17892,0.2908,56,56,10.75,4.7752,359,30,1970-12-31 12:00:00,,61441.3,7000,16541.42,61441.3
pipeline,1528239,Rosen,AFD,2014-11-27 12:00:00,,Long Seam Weld Anomaly,E,61513.17892,0.3347,16,16,10.75,4.7752,359,30,1970-12-31 12:00:00,,61441.3,7000,16541.42,61441.3
pipeline,1528240,Rosen,AFD,2014-11-27 12:00:00,,Long Seam Weld Anomaly,E,61514.17892,0.2887,30,30,10.75,4.7752,359,30,1970-12-31 12:00:00,,61441.3,7000,16541.42,61441.3
pipeline,1528241,Rosen,AFD,2014-11-27 12:00:00,,Long Seam Weld Anomaly,E,61515.17892,0.2762,28,28,10.75,4.7752,359,30,1970-12-31 12:00:00,,61441.3,7000,16541.42,61441.3
pipeline,1528242,Rosen,AFD,2014-11-27 12:00:00,,Long Seam Weld Anomaly,E,61516.17892,0.2741,28,28,10.75,4.7752,359,30,1970-12-31 12:00:00,,61441.3,7000,16541.42,61441.3
pipeline,1528243,Rosen,AFD,2014-11-27 12:00:00,,Long Seam Weld Anomaly,E,61517.17892,0.3452,32,32,10.75,4.7752,359,30,1970-12-31 12:00:00,,61441.3,7000,16541.42,61441.3
pipeline,1528244,Rosen,AFD,2014-11-27 12:00:00,,Long Seam Weld Anomaly,E,61518.17892,0.295,12,12,10.75,4.7752,359,30,1970-12-31 12:00:00,,61441.3,7000,16541.42,61441.3
pipeline,1528246,Rosen,AFD,2014-11-27 12:00:00,,Long Seam Weld Anomaly,E,61519.17892,0.2699,34,34,10.75,4.7752,359,30,1970-12-31 12:00:00,,61441.3,7000,16541.42,61441.3
pipeline,1528247,Rosen,AFD,2014-11-27 12:00:00,,Long Seam Weld Anomaly,E,61520.17892,0.2762,72,72,10.75,4.7752,359,30,1970-12-31 12:00:00,,61441.3,7000,16541.42,61441.3
pipeline,1528249,Rosen,AFD,2014-11-27 12:00:00,,Long Seam Weld Anomaly,E,61521.17892,0.3326,26,26,10.75,4.7752,359,30,1970-12-31 12:00:00,,61441.3,7000,16541.42,61441.3
pipeline,1528251,Rosen,AFD,2014-11-27 12:00:00,,Long Seam Weld Anomaly,E,61522.17892,0.2552,50,50,10.75,4.7752,359,30,1970-12-31 12:00:00,,61441.3,7000,16541.42,61441.3
pipeline,1528252,Rosen,AFD,2014-11-27 12:00:00,,Long Seam Weld Anomaly,E,61523.17892,0.3054,26,26,10.75,4.7752,359,30,1970-12-31 12:00:00,,61441.3,7000,16541.42,61441.3
pipeline,1528253,Rosen,AFD,2014-11-27 12:00:00,,Long Seam Weld Anomaly,E,61524.17892,0.3452,28,28,10.75,4.7752,359,30,1970-12-31 12:00:00,,61441.3,7000,16541.42,61441.3
pipeline,1528254,Rosen,AFD,2014-11-27 12:00:00,,Long Seam Weld Anomaly,E,61525.17892,0.2741,38,38,10.75,4.7752,359,30,1970-12-31 12:00:00,,61441.3,7000,16541.42,61441.3
pipeline,1528260,Rosen,AFD,2014-11-27 12:00:00,,Long Seam Weld Anomaly,E,61526.17892,0.3473,36,36,10.75,4.7752,359,30,1970-12-31 12:00:00,,61441.3,7000,16541.42,61441.3
pipeline,1528262,Rosen,AFD,2014-11-27 12:00:00,,Long Seam Weld Anomaly,E,61527.17892,0.2992,16,16,10.75,4.7752,359,30,1970-12-31 12:00:00,,61441.3,7000,16541.42,61441.3
pipeline,1528263,Rosen,AFD,2014-11-27 12:00:00,,Long Seam Weld Anomaly,E,61528.17892,0.251,14,14,10.75,4.7752,359,30,1970-12-31 12:00:00,,61441.3,7000,16541.42,61441.3
pipeline,1528264,Rosen,AFD,2014-11-27 12:00:00,,Long Seam Weld Anomaly,E,61529.17892,0.3054,18,18,10.75,4.7752,359,30,1970-12-31 12:00:00,,61441.3,7000,16541.42,61441.3
pipeline,1528265,Rosen,AFD,2014-11-27 12:00:00,,Long Seam Weld Anomaly,E,61530.17892,0.2657,12,12,10.75,4.7752,359,30,1970-12-31 12:00:00,,61441.3,7000,16541.42,61441.3
pipeline,1528266,Rosen,AFD,2014-11-27 12:00:00,,Long Seam Weld Anomaly,E,61531.17892,0.2908,46,46,10.75,4.7752,359,30,1970-12-31 12:00:00,,61441.3,7000,16541.42,61441.3
pipeline,1528267,Rosen,AFD,2014-11-27 12:00:00,,Long Seam Weld Anomaly,E,61532.17892,0.2657,58,58,10.75,4.7752,359,30,1970-12-31 12:00:00,,61441.3,7000,16541.42,61441.3
pipeline,1528268,Rosen,AFD,2014-11-27 12:00:00,,Long Seam Weld Anomaly,E,61533.17892,0.2615,82,82,10.75,4.7752,359,30,1970-12-31 12:00:00,,61441.3,7000,16541.42,61441.3
pipeline,1528269,Rosen,AFD,2014-11-27 12:00:00,,Long Seam Weld Anomaly,E,61534.17892,0.3285,32,32,10.75,4.7752,359,30,1970-12-31 12:00:00,,61441.3,7000,16541.42,61441.3
pipeline,1528270,Rosen,AFD,2014-11-27 12:00:00,,Long Seam Weld Anomaly,E,61535.17892,0.3326,44,44,10.75,4.7752,359,30,1970-12-31 12:00:00,,61441.3,7000,16541.42,61441.3
pipeline,1528271,Rosen,AFD,2014-11-27 12:00:00,,Long Seam Weld Anomaly,E,61536.17892,0.3285,38,38,10.75,4.7752,359,30,1970-12-31 12:00:00,,61441.3,7000,16541.42,61441.3
pipeline,1528272,Rosen,AFD,2014-11-27 12:00:00,,Long Seam Weld Anomaly,E,61537.17892,0.2741,20,20,10.75,4.7752,359,30,1970-12-31 12:00:00,,61441.3,7000,16541.42,61441.3
pipeline,1528273,Rosen,AFD,2014-11-27 12:00:00,,Long Seam Weld Anomaly,E,61538.17892,0.3054,64,64,10.75,4.7752,359,30,1970-12-31 12:00:00,,61441.3,7000,16541.42,61441.3
pipeline,1528274,Rosen,AFD,2014-11-27 12:00:00,,Long Seam Weld Anomaly,E,61539.17892,0.2615,24,24,10.75,4.7752,359,30,1970-12-31 12:00:00,,61441.3,7000,16541.42,61441.3
pipeline,1528275,Rosen,AFD,2014-11-27 12:00:00,,Long Seam Weld Anomaly,E,61540.17892,0.2552,16,16,10.75,4.7752,359,30,1970-12-31 12:00:00,,61441.3,7000,16541.42,61441.3
pipeline,1528276,Rosen,AFD,2014-11-27 12:00:00,,Long Seam Weld Anomaly,E,61541.17892,0.2657,14,14,10.75,4.7752,359,30,1970-12-31 12:00:00,,61441.3,7000,16541.42,61441.3
pipeline,1528277,Rosen,AFD,2014-11-27 12:00:00,,Long Seam Weld Anomaly,E,61542.17892,0.2552,26,26,10.75,4.7752,359,30,1970-12-31 12:00:00,,61441.3,7000,16541.42,61441.3
pipeline,1528278,Rosen,AFD,2014-11-27 12:00:00,,Long Seam Weld Anomaly,E,61543.17892,0.2657,20,20,10.75,4.7752,359,30,1970-12-31 12:00:00,,61441.3,7000,16541.42,61441.3
pipeline,1528280,Rosen,AFD,2014-11-27 12:00:00,,Long Seam Weld Anomaly,E,61544.17892,0.2762,22,22,10.75,4.7752,359,30,1970-12-31 12:00:00,,61441.3,7000,16541.42,61441.3
pipeline,1528282,Rosen,AFD,2014-11-27 12:00:00,,Long Seam Weld Anomaly,E,61545.17892,0.318,44,44,10.75,4.7752,359,30,1970-12-31 12:00:00,,61441.3,7000,16541.42,61441.3
pipeline,1528283,Rosen,AFD,2014-11-27 12:00:00,,Long Seam Weld Anomaly,E,61546.17892,0.2845,44,44,10.75,4.7752,359,30,1970-12-31 12:00:00,,61441.3,7000,16541.42,61441.3
pipeline,1528284,Rosen,AFD,2014-11-27 12:00:00,,Long Seam Weld Anomaly,E,61547.17892,0.2615,74,74,10.75,4.7752,359,30,1970-12-31 12:00:00,,61441.3,7000,16541.42,61441.3
pipeline,1528285,Rosen,AFD,2014-11-27 12:00:00,,Long Seam Weld Anomaly,E,61548.17892,0.3222,20,20,10.75,4.7752,359,30,1970-12-31 12:00:00,,61441.3,7000,16541.42,61441.3
pipeline,1528286,Rosen,AFD,2014-11-27 12:00:00,,Long Seam Weld Anomaly,E,61549.17892,0.2971,26,26,10.75,4.7752,359,30,1970-12-31 12:00:00,,61441.3,7000,16541.42,61441.3
pipeline,1528287,Rosen,AFD,2014-11-27 12:00:00,,Long Seam Weld Anomaly,E,61550.17892,0.3117,24,24,10.75,4.7752,359,30,1970-12-31 12:00:00,,61441.3,7000,16541.42,61441.3
pipeline,1528288,Rosen,AFD,2014-11-27 12:00:00,,Long Seam Weld Anomaly,E,61551.17892,0.2699,30,30,10.75,4.7752,359,30,1970-12-31 12:00:00,,61441.3,7000,16541.42,61441.3
pipeline,1528293,Rosen,AFD,2014-11-27 12:00:00,,Long Seam Weld Anomaly,E,61552.17892,0.3013,50,50,10.75,4.7752,359,30,1970-12-31 12:00:00,,61441.3,7000,16541.42,61441.3
pipeline,1528295,Rosen,AFD,2014-11-27 12:00:00,,Long Seam Weld Anomaly,E,61553.17892,0.2657,56,56,10.75,4.7752,359,30,1970-12-31 12:00:00,,61441.3,7000,16541.42,61441.3
pipeline,1528296,Rosen,AFD,2014-11-27 12:00:00,,Long Seam Weld Anomaly,E,61554.17892,0.2615,54,54,10.75,4.7752,359,30,1970-12-31 12:00:00,,61441.3,7000,16541.42,61441.3
pipeline,1528297,Rosen,AFD,2014-11-27 12:00:00,,Long Seam Weld Anomaly,E,61555.17892,0.3452,36,36,10.75,4.7752,359,30,1970-12-31 12:00:00,,61441.3,7000,16541.42,61441.3
pipeline,1528299,Rosen,AFD,2014-11-27 12:00:00,,Long Seam Weld Anomaly,E,61556.17892,0.3347,28,28,10.75,4.7752,359,30,1970-12-31 12:00:00,,61441.3,7000,16541.42,61441.3
pipeline,1528302,Rosen,AFD,2014-11-27 12:00:00,,Long Seam Weld Anomaly,E,61557.17892,0.2887,28,28,10.75,4.7752,359,30,1970-12-31 12:00:00,,61441.3,7000,16541.42,61441.3
pipeline,1528303,Rosen,AFD,2014-11-27 12:00:00,,Long Seam Weld Anomaly,E,61558.17892,0.3285,56,56,10.75,4.7752,359,30,1970-12-31 12:00:00,,61441.3,7000,16541.42,61441.3
pipeline,1528305,Rosen,AFD,2014-11-27 12:00:00,,Long Seam Weld Anomaly,E,61559.17892,0.3054,30,30,10.75,4.7752,359,30,1970-12-31 12:00:00,,61441.3,7000,16541.42,61441.3
pipeline,1528306,Rosen,AFD,2014-11-27 12:00:00,,Long Seam Weld Anomaly,E,61560.17892,0.2552,60,60,10.75,4.7752,359,30,1970-12-31 12:00:00,,61441.3,7000,16541.42,61441.3
pipeline,1528308,Rosen,AFD,2014-11-27 12:00:00,,Long Seam Weld Anomaly,E,61561.17892,0.2762,44,44,10.75,4.7752,359,30,1970-12-31 12:00:00,,61441.3,7000,16541.42,61441.3
pipeline,1528314,Rosen,AFD,2014-11-27 12:00:00,,Long Seam Weld Anomaly,E,61562.17892,0.3452,30,30,10.75,4.7752,359,30,1970-12-31 12:00:00,,61441.3,7000,16541.42,61441.3
pipeline,1528316,Rosen,AFD,2014-11-27 12:00:00,,Long Seam Weld Anomaly,E,61563.17892,0.295,34,34,10.75,4.7752,359,30,1970-12-31 12:00:00,,61441.3,7000,16541.42,61441.3
pipeline,1528318,Rosen,AFD,2014-11-27 12:00:00,,Long Seam Weld Anomaly,E,61564.17892,0.2657,88,88,10.75,4.7752,359,30,1970-12-31 12:00:00,,61441.3,7000,16541.42,61441.3
pipeline,1528320,Rosen,AFD,2014-11-27 12:00:00,,Long Seam Weld Anomaly,E,61565.17892,0.318,60,60,10.75,4.7752,359,30,1970-12-31 12:00:00,,61441.3,7000,16541.42,61441.3
pipeline,1528321,Rosen,AFD,2014-11-27 12:00:00,,Long Seam Weld Anomaly,E,61566.17892,0.2992,28,28,10.75,4.7752,359,30,1970-12-31 12:00:00,,61441.3,7000,16541.42,61441.3
pipeline,1528322,Rosen,AFD,2014-11-27 12:00:00,,Long Seam Weld Anomaly,E,61567.17892,0.2762,40,40,10.75,4.7752,359,30,1970-12-31 12:00:00,,61441.3,7000,16541.42,61441.3
pipeline,1528323,Rosen,AFD,2014-11-27 12:00:00,,Long Seam Weld Anomaly,E,61568.17892,0.2615,38,38,10.75,4.7752,359,30,1970-12-31 12:00:00,,61441.3,7000,16541.42,61441.3
pipeline,1528324,Rosen,AFD,2014-11-27 12:00:00,,Long Seam Weld Anomaly,E,61569.17892,0.2971,54,54,10.75,4.7752,359,30,1970-12-31 12:00:00,,61441.3,7000,16541.42,61441.3
pipeline,1528326,Rosen,AFD,2014-11-27 12:00:00,,Long Seam Weld Anomaly,E,61570.17892,0.2762,52,52,10.75,4.7752,359,30,1970-12-31 12:00:00,,61441.3,7000,16541.42,61441.3
pipeline,1528329,Rosen,AFD,2014-11-27 12:00:00,,Long Seam Weld Anomaly,E,61571.17892,0.2615,28,28,10.75,4.7752,359,30,1970-12-31 12:00:00,,61441.3,7000,16541.42,61441.3
pipeline,1528331,Rosen,AFD,2014-11-27 12:00:00,,Long Seam Weld Anomaly,E,61572.17892,0.2657,56,56,10.75,4.7752,359,30,1970-12-31 12:00:00,,61441.3,7000,16541.42,61441.3
pipeline,1528332,Rosen,AFD,2014-11-27 12:00:00,,Long Seam Weld Anomaly,E,61573.17892,0.2552,32,32,10.75,4.7752,359,30,1970-12-31 12:00:00,,61441.3,7000,16541.42,61441.3
pipeline,1528333,Rosen,AFD,2014-11-27 12:00:00,,Long Seam Weld Anomaly,E,61574.17892,0.2615,28,28,10.75,4.7752,359,30,1970-12-31 12:00:00,,61441.3,7000,16541.42,61441.3
pipeline,1528334,Rosen,AFD,2014-11-27 12:00:00,,Long Seam Weld Anomaly,E,61575.17892,0.295,26,26,10.75,4.7752,359,30,1970-12-31 12:00:00,,61441.3,7000,16541.42,61441.3
pipeline,1528335,Rosen,AFD,2014-11-27 12:00:00,,Long Seam Weld Anomaly,E,61576.17892,0.2762,42,42,10.75,4.7752,359,30,1970-12-31 12:00:00,,61441.3,7000,16541.42,61441.3
pipeline,1528337,Rosen,AFD,2014-11-27 12:00:00,,Long Seam Weld Anomaly,E,61577.17892,0.2762,32,32,10.75,4.7752,359,30,1970-12-31 12:00:00,,61441.3,7000,16541.42,61441.3
pipeline,1528338,Rosen,AFD,2014-11-27 12:00:00,,Long Seam Weld Anomaly,E,61578.17892,0.2552,38,38,10.75,4.7752,359,30,1970-12-31 12:00:00,,61441.3,7000,16541.42,61441.3
pipeline,1528339,Rosen,AFD,2014-11-27 12:00:00,,Long Seam Weld Anomaly,E,61579.17892,0.2803,56,56,10.75,4.7752,359,30,1970-12-31 12:00:00,,61441.3,7000,16541.42,61441.3
pipeline,1528340,Rosen,AFD,2014-11-27 12:00:00,,Long Seam Weld Anomaly,E,61580.17892,0.2615,86,86,10.75,4.7752,359,30,1970-12-31 12:00:00,,61441.3,7000,16541.42,61441.3
pipeline,1528341,Rosen,AFD,2014-11-27 12:00:00,,Long Seam Weld Anomaly,E,61581.17892,0.2699,36,36,10.75,4.7752,359,30,1970-12-31 12:00:00,,61441.3,7000,16541.42,61441.3
pipeline,1528342,Rosen,AFD,2014-11-27 12:00:00,,Long Seam Weld Anomaly,E,61582.17892,0.2615,40,40,10.75,4.7752,359,30,1970-12-31 12:00:00,,61441.3,7000,16541.42,61441.3
pipeline,1528344,Rosen,AFD,2014-11-27 12:00:00,,Long Seam Weld Anomaly,E,61583.17892,0.2657,56,56,10.75,4.7752,359,30,1970-12-31 12:00:00,,61441.3,7000,16541.42,61441.3
pipeline,1528345,Rosen,AFD,2014-11-27 12:00:00,,Long Seam Weld Anomaly,E,61584.17892,0.2552,20,20,10.75,4.7752,359,30,1970-12-31 12:00:00,,61441.3,7000,16541.42,61441.3
pipeline,1528346,Rosen,AFD,2014-11-27 12:00:00,,Long Seam Weld Anomaly,E,61585.17892,0.3054,64,64,10.75,4.7752,359,30,1970-12-31 12:00:00,,61441.3,7000,16541.42,61441.3
pipeline,1528347,Rosen,AFD,2014-11-27 12:00:00,,Long Seam Weld Anomaly,E,61586.17892,0.3347,36,36,10.75,4.7752,359,30,1970-12-31 12:00:00,,61441.3,7000,16541.42,61441.3
pipeline,1528348,Rosen,AFD,2014-11-27 12:00:00,,Long Seam Weld Anomaly,E,61587.17892,0.318,34,34,10.75,4.7752,359,30,1970-12-31 12:00:00,,61441.3,7000,16541.42,61441.3
pipeline,1528349,Rosen,AFD,2014-11-27 12:00:00,,Long Seam Weld Anomaly,E,61588.17892,0.2762,32,32,10.75,4.7752,359,30,1970-12-31 12:00:00,,61441.3,7000,16541.42,61441.3
pipeline,1528353,Rosen,AFD,2014-11-27 12:00:00,,Long Seam Weld Anomaly,E,61589.17892,0.2699,86,86,10.75,4.7752,359,30,1970-12-31 12:00:00,,61441.3,7000,16541.42,61441.3
pipeline,1528355,Rosen,AFD,2014-11-27 12:00:00,,Long Seam Weld Anomaly,E,61590.17892,0.318,24,24,10.75,4.7752,359,30,1970-12-31 12:00:00,,61441.3,7000,16541.42,61441.3
pipeline,1528357,Rosen,AFD,2014-11-27 12:00:00,,Long Seam Weld Anomaly,E,61591.17892,0.3577,18,18,10.75,4.7752,359,30,1970-12-31 12:00:00,,61441.3,7000,16541.42,61441.3
pipeline,1528358,Rosen,AFD,2014-11-27 12:00:00,,Long Seam Weld Anomaly,E,61592.17892,0.2762,46,46,10.75,4.7752,359,30,1970-12-31 12:00:00,,61441.3,7000,16541.42,61441.3
pipeline,1528359,Rosen,AFD,2014-11-27 12:00:00,,Long Seam Weld Anomaly,E,61593.17892,0.295,26,26,10.75,4.7752,359,30,1970-12-31 12:00:00,,61441.3,7000,16541.42,61441.3
pipeline,1528360,Rosen,AFD,2014-11-27 12:00:00,,Long Seam Weld Anomaly,E,61594.17892,0.3054,26,26,10.75,4.7752,359,30,1970-12-31 12:00:00,,61441.3,7000,16541.42,61441.3
pipeline,1528361,Rosen,AFD,2014-11-27 12:00:00,,Long Seam Weld Anomaly,E,61595.17892,0.3452,32,32,10.75,4.7752,359,30,1970-12-31 12:00:00,,61441.3,7000,16541.42,61441.3
pipeline,1528362,Rosen,AFD,2014-11-27 12:00:00,,Long Seam Weld Anomaly,E,61596.17892,0.2657,30,30,10.75,4.7752,359,30,1970-12-31 12:00:00,,61441.3,7000,16541.42,61441.3
pipeline,1528364,Rosen,AFD,2014-11-27 12:00:00,,Long Seam Weld Anomaly,E,61597.17892,0.3013,48,48,10.75,4.7752,359,30,1970-12-31 12:00:00,,61441.3,7000,16541.42,61441.3
pipeline,1528365,Rosen,AFD,2014-11-27 12:00:00,,Long Seam Weld Anomaly,E,61598.17892,0.2657,26,26,10.75,4.7752,359,30,1970-12-31 12:00:00,,61441.3,7000,16541.42,61441.3
pipeline,1528368,Rosen,AFD,2014-11-27 12:00:00,,Long Seam Weld Anomaly,E,61599.17892,0.2615,87,87,10.75,4.7752,359,30,1970-12-31 12:00:00,,61441.3,7000,16541.42,61441.3
pipeline,1528372,Rosen,AFD,2014-11-27 12:00:00,,Long Seam Weld Anomaly,E,61600.17892,0.2887,28,28,10.75,4.7752,359,30,1970-12-31 12:00:00,,61441.3,7000,16541.42,61441.3
pipeline,1528373,Rosen,AFD,2014-11-27 12:00:00,,Long Seam Weld Anomaly,E,61601.17892,0.3473,50,50,10.75,4.7752,359,30,1970-12-31 12:00:00,,61441.3,7000,16541.42,61441.3
pipeline,1528374,Rosen,AFD,2014-11-27 12:00:00,,Long Seam Weld Anomaly,E,61602.17892,0.2699,28,28,10.75,4.7752,359,30,1970-12-31 12:00:00,,61441.3,7000,16541.42,61441.3
pipeline,1528375,Rosen,AFD,2014-11-27 12:00:00,,Long Seam Weld Anomaly,E,61603.17892,0.3054,32,32,10.75,4.7752,359,30,1970-12-31 12:00:00,,61441.3,7000,16541.42,61441.3
pipeline,1528377,Rosen,AFD,2014-11-27 12:00:00,,Long Seam Weld Anomaly,E,61604.17892,0.2762,20,20,10.75,4.7752,359,30,1970-12-31 12:00:00,,61441.3,7000,16541.42,61441.3
pipeline,1528382,Rosen,AFD,2014-11-27 12:00:00,,Long Seam Weld Anomaly,E,61605.17892,0.3933,20,20,10.75,4.7752,359,30,1970-12-31 12:00:00,,61441.3,7000,16541.42,61441.3
pipeline,1528383,Rosen,AFD,2014-11-27 12:00:00,,Long Seam Weld Anomaly,E,61606.17892,0.2657,30,30,10.75,4.7752,359,30,1970-12-31 12:00:00,,61441.3,7000,16541.42,61441.3
pipeline,1528385,Rosen,AFD,2014-11-27 12:00:00,,Long Seam Weld Anomaly,E,61607.17892,0.2657,22,22,10.75,4.7752,359,30,1970-12-31 12:00:00,,61441.3,7000,16541.42,61441.3
pipeline,1528389,Rosen,AFD,2014-11-27 12:00:00,,Long Seam Weld Anomaly,E,61608.17892,0.2866,48,48,10.75,4.7752,359,30,1970-12-31 12:00:00,,61441.3,7000,16541.42,61441.3
pipeline,1528390,Rosen,AFD,2014-11-27 12:00:00,,Long Seam Weld Anomaly,E,61609.17892,0.2552,22,22,10.75,4.7752,359,30,1970-12-31 12:00:00,,61441.3,7000,16541.42,61441.3
pipeline,1528393,Rosen,AFD,2014-11-27 12:00:00,,Long Seam Weld Anomaly,E,61610.17892,0.2699,30,30,10.75,4.7752,359,30,1970-12-31 12:00:00,,61441.3,7000,16541.42,61441.3
pipeline,1528394,Rosen,AFD,2014-11-27 12:00:00,,Long Seam Weld Anomaly,E,61611.17892,0.2803,14,14,10.75,4.7752,359,30,1970-12-31 12:00:00,,61441.3,7000,16541.42,61441.3
pipeline,1528395,Rosen,AFD,2014-11-27 12:00:00,,Long Seam Weld Anomaly,E,61612.17892,0.2762,54,54,10.75,4.7752,359,30,1970-12-31 12:00:00,,61441.3,7000,16541.42,61441.3
pipeline,1528398,Rosen,AFD,2014-11-27 12:00:00,,Long Seam Weld Anomaly,E,61613.17892,0.2908,64,64,10.75,4.7752,359,30,1970-12-31 12:00:00,,61441.3,7000,16541.42,61441.3
pipeline,1528399,Rosen,AFD,2014-11-27 12:00:00,,Long Seam Weld Anomaly,E,61614.17892,0.2615,88,88,10.75,4.7752,359,30,1970-12-31 12:00:00,,61441.3,7000,16541.42,61441.3
pipeline,1528401,Rosen,AFD,2014-11-27 12:00:00,,Long Seam Weld Anomaly,E,61615.17892,0.2615,42,42,10.75,4.7752,359,30,1970-12-31 12:00:00,,61441.3,7000,16541.42,61441.3
pipeline,1528402,Rosen,AFD,2014-11-27 12:00:00,,Long Seam Weld Anomaly,E,61616.17892,0.2866,30,30,10.75,4.7752,359,30,1970-12-31 12:00:00,,61441.3,7000,16541.42,61441.3
pipeline,1528405,Rosen,AFD,2014-11-27 12:00:00,,Long Seam Weld Anomaly,E,61617.17892,0.2866,22,22,10.75,4.7752,359,30,1970-12-31 12:00:00,,61441.3,7000,16541.42,61441.3
pipeline,1528407,Rosen,AFD,2014-11-27 12:00:00,,Long Seam Weld Anomaly,E,61618.17892,0.2657,88,88,10.75,4.7752,359,30,1970-12-31 12:00:00,,61441.3,7000,16541.42,61441.3
pipeline,1528408,Rosen,AFD,2014-11-27 12:00:00,,Long Seam Weld Anomaly,E,61619.17892,0.2762,32,32,10.75,4.7752,359,30,1970-12-31 12:00:00,,61441.3,7000,16541.42,61441.3
pipeline,1528409,Rosen,AFD,2014-11-27 12:00:00,,Long Seam Weld Anomaly,E,61620.17892,0.2803,72,72,10.75,4.7752,359,30,1970-12-31 12:00:00,,61441.3,7000,16541.42,61441.3
pipeline,1528410,Rosen,AFD,2014-11-27 12:00:00,,Long Seam Weld Anomaly,E,61621.17892,0.2845,22,22,10.75,4.7752,359,30,1970-12-31 12:00:00,,61441.3,7000,16541.42,61441.3
pipeline,1528418,Rosen,AFD,2014-11-27 12:00:00,,Long Seam Weld Anomaly,E,61622.17892,0.3117,18,18,10.75,4.7752,359,30,1970-12-31 12:00:00,,61441.3,7000,16541.42,61441.3
pipeline,1528421,Rosen,AFD,2014-11-27 12:00:00,,Long Seam Weld Anomaly,E,61623.17892,0.2992,36,36,10.75,4.7752,359,30,1970-12-31 12:00:00,,61441.3,7000,16541.42,61441.3
pipeline,1528422,Rosen,AFD,2014-11-27 12:00:00,,Long Seam Weld Anomaly,E,61624.17892,0.2762,34,34,10.75,4.7752,359,30,1970-12-31 12:00:00,,61441.3,7000,16541.42,61441.3
pipeline,1528425,Rosen,AFD,2014-11-27 12:00:00,,Long Seam Weld Anomaly,E,61625.17892,0.318,30,30,10.75,4.7752,359,30,1970-12-31 12:00:00,,61441.3,7000,16541.42,61441.3
pipeline,1528427,Rosen,AFD,2014-11-27 12:00:00,,Long Seam Weld Anomaly,E,61626.17892,0.2552,12,12,10.75,4.7752,359,30,1970-12-31 12:00:00,,61441.3,7000,16541.42,61441.3
